datetime,LID_4,LID_12,LID_13,LID_24,LID_41,LID_42,LID_43,LID_45,LID_48,LID_50,LID_68,LID_74,LID_75,LID_79,LID_87,LID_88,LID_90,LID_100,LID_105,LID_107,LID_113,LID_114,LID_116,LID_120,LID_125,LID_127,LID_128,LID_137,LID_140,LID_141,LID_142,LID_143,LID_144,LID_148,LID_151,LID_152,LID_153,LID_158,LID_161,LID_162,LID_163,LID_164,LID_166,LID_170,LID_186,LID_194,LID_202,LID_209,LID_211,LID_224,LID_229,LID_230,LID_231,LID_232,LID_233,LID_234,LID_236,LID_237,LID_238,LID_239,LID_243,LID_244,LID_246,LID_249,LID_261,LID_262,LID_263
2022-06-24 00:00:00,5.0,0.0,3.0,2.0,3.0,1.0,8.0,5.0,119.0,17.0,73.0,4.0,7.0,164.0,13.0,7.0,52.0,41.0,0.0,68.0,35.0,69.0,3.0,0.0,21.0,0.0,0.0,34.0,14.0,40.0,46.0,5.0,35.0,81.0,3.0,0.0,0.0,34.0,81.0,65.0,59.0,67.0,7.0,59.0,61.0,0.0,0.0,6.0,29.0,2.0,39.0,104.0,42.0,7.0,20.0,72.0,17.0,48.0,14.0,30.0,0.0,2.0,29.0,111.0,8.0,0.0,40.0
2022-06-24 01:00:00,0.0,0.0,0.0,1.0,1.0,1.0,0.0,0.0,14.0,2.0,7.0,2.0,3.0,12.0,1.0,0.0,6.0,6.0,0.0,6.0,2.0,4.0,1.0,0.0,2.0,0.0,0.0,5.0,3.0,6.0,3.0,1.0,2.0,5.0,2.0,0.0,0.0,1.0,2.0,4.0,4.0,5.0,1.0,5.0,10.0,0.0,0.0,0.0,1.0,0.0,4.0,9.0,2.0,0.0,2.0,4.0,2.0,2.0,3.0,3.0,0.0,1.0,1.0,9.0,1.0,1.0,6.0
2022-06-24 02:00:00,7.0,0.0,0.0,1.0,2.0,1.0,2.0,5.0,111.0,18.0,72.0,2.0,4.0,191.0,10.0,6.0,52.0,31.0,0.0,66.0,31.0,72.0,3.0,0.0,24.0,0.0,0.0,33.0,7.0,35.0,26.0,1.0,36.0,104.0,0.0,0.0,0.0,38.0,47.0,45.0,45.0,62.0,6.0,51.0,48.0,0.0,0.0,5.0,31.0,3.0,34.0,78.0,42.0,8.0,18.0,61.0,7.0,28.0,9.0,23.0,0.0,1.0,27.0,116.0,6.0,0.0,39.0
2022-06-24 03:00:00,2.0,0.0,36.0,16.0,15.0,6.0,125.0,7.0,104.0,34.0,117.0,16.0,55.0,63.0,26.0,15.0,88.0,84.0,0.0,113.0,73.0,42.0,4.0,0.0,22.0,0.0,0.0,74.0,144.0,141.0,177.0,77.0,36.0,17.0,56.0,0.0,0.0,29.0,305.0,205.0,195.0,124.0,33.0,190.0,140.0,0.0,0.0,7.0,34.0,7.0,107.0,149.0,65.0,7.0,69.0,167.0,314.0,358.0,132.0,171.0,0.0,5.0,82.0,65.0,28.0,73.0,103.0
2022-06-24 04:00:00,0.0,0.0,0.0,1.0,2.0,1.0,1.0,0.0,32.0,4.0,16.0,3.0,4.0,30.0,2.0,1.0,12.0,12.0,0.0,14.0,7.0,11.0,1.0,0.0,4.0,0.0,0.0,9.0,4.0,11.0,7.0,2.0,5.0,10.0,2.0,0.0,0.0,3.0,9.0,11.0,10.0,13.0,2.0,11.0,21.0,0.0,0.0,1.0,5.0,1.0,9.0,22.0,7.0,1.0,5.0,12.0,4.0,6.0,5.0,6.0,0.0,1.0,4.0,24.0,2.0,1.0,12.0
2022-06-24 05:00:00,2.0,0.0,44.0,17.0,15.0,6.0,118.0,8.0,115.0,36.0,128.0,17.0,51.0,59.0,33.0,18.0,91.0,97.0,0.0,116.0,77.0,42.0,4.0,0.0,26.0,0.0,0.0,72.0,140.0,139.0,180.0,76.0,41.0,17.0,55.0,0.0,0.0,32.0,340.0,245.0,210.0,134.0,33.0,202.0,165.0,0.0,0.0,8.0,38.0,7.0,113.0,182.0,79.0,7.0,77.0,183.0,304.0,351.0,131.0,171.0,0.0,5.0,98.0,63.0,32.0,73.0,100.0
2022-06-24 06:00:00,7.0,0.0,64.0,22.0,18.0,7.0,151.0,10.0,191.0,54.0,191.0,19.0,55.0,151.0,51.0,26.0,140.0,118.0,0.0,189.0,119.0,83.0,5.0,0.0,43.0,0.0,0.0,97.0,153.0,206.0,266.0,99.0,69.0,44.0,69.0,0.0,0.0,59.0,406.0,312.0,274.0,183.0,41.0,267.0,214.0,0.0,0.0,13.0,61.0,11.0,179.0,259.0,121.0,11.0,111.0,259.0,360.0,428.0,165.0,237.0,0.0,3.0,137.0,134.0,44.0,96.0,154.0
2022-06-24 07:00:00,5.0,0.0,36.0,24.0,21.0,7.0,88.0,5.0,145.0,43.0,112.0,20.0,44.0,87.0,24.0,9.0,81.0,72.0,0.0,126.0,65.0,31.0,8.0,0.0,24.0,0.0,0.0,56.0,93.0,144.0,157.0,79.0,24.0,23.0,67.0,0.0,0.0,29.0,119.0,134.0,117.0,83.0,28.0,146.0,167.0,0.0,0.0,7.0,24.0,14.0,123.0,124.0,62.0,6.0,71.0,109.0,229.0,206.0,139.0,169.0,0.0,5.0,65.0,73.0,24.0,103.0,128.0
2022-06-24 08:00:00,5.0,0.0,33.0,21.0,19.0,8.0,75.0,2.0,120.0,37.0,84.0,17.0,43.0,69.0,20.0,7.0,66.0,73.0,0.0,114.0,65.0,22.0,8.0,0.0,21.0,0.0,0.0,61.0,128.0,142.0,129.0,76.0,12.0,14.0,59.0,0.0,0.0,29.0,105.0,134.0,85.0,68.0,27.0,147.0,179.0,0.0,0.0,6.0,13.0,12.0,120.0,84.0,60.0,2.0,67.0,88.0,280.0,236.0,130.0,142.0,0.0,5.0,47.0,67.0,14.0,116.0,117.0
2022-06-24 09:00:00,1.0,0.0,2.0,5.0,6.0,3.0,8.0,1.0,39.0,7.0,20.0,8.0,13.0,18.0,3.0,1.0,14.0,24.0,0.0,20.0,7.0,5.0,3.0,0.0,3.0,0.0,0.0,14.0,17.0,23.0,16.0,10.0,2.0,6.0,12.0,0.0,0.0,2.0,11.0,18.0,13.0,12.0,5.0,20.0,48.0,0.0,0.0,1.0,2.0,2.0,17.0,19.0,6.0,1.0,11.0,10.0,27.0,21.0,22.0,21.0,0.0,2.0,4.0,13.0,2.0,17.0,26.0
2022-06-24 10:00:00,4.0,0.0,8.0,7.0,6.0,2.0,26.0,5.0,137.0,21.0,87.0,8.0,13.0,130.0,16.0,6.0,59.0,58.0,0.0,78.0,49.0,62.0,4.0,0.0,21.0,0.0,0.0,38.0,26.0,69.0,99.0,21.0,36.0,43.0,15.0,0.0,0.0,28.0,79.0,79.0,75.0,70.0,12.0,77.0,130.0,0.0,0.0,7.0,29.0,4.0,56.0,112.0,38.0,5.0,29.0,83.0,55.0,81.0,39.0,68.0,0.0,2.0,32.0,111.0,10.0,18.0,64.0
2022-06-24 11:00:00,3.0,0.0,37.0,19.0,12.0,5.0,134.0,7.0,114.0,38.0,128.0,13.0,49.0,67.0,24.0,14.0,84.0,83.0,0.0,119.0,75.0,39.0,5.0,0.0,26.0,0.0,0.0,69.0,152.0,149.0,190.0,85.0,34.0,18.0,57.0,0.0,0.0,34.0,291.0,199.0,188.0,124.0,33.0,197.0,160.0,0.0,0.0,8.0,34.0,8.0,124.0,152.0,74.0,6.0,74.0,159.0,351.0,382.0,143.0,185.0,0.0,4.0,83.0,69.0,30.0,94.0,111.0
2022-06-24 12:00:00,4.0,0.0,41.0,22.0,19.0,7.0,161.0,9.0,124.0,41.0,142.0,21.0,57.0,97.0,28.0,16.0,102.0,83.0,0.0,126.0,84.0,56.0,5.0,0.0,27.0,0.0,0.0,73.0,134.0,161.0,212.0,92.0,49.0,29.0,70.0,0.0,0.0,42.0,274.0,177.0,193.0,125.0,37.0,182.0,169.0,0.0,0.0,9.0,47.0,10.0,113.0,148.0,71.0,8.0,70.0,173.0,349.0,368.0,156.0,220.0,0.0,5.0,102.0,88.0,36.0,91.0,127.0
2022-06-24 13:00:00,0.0,0.0,0.0,2.0,3.0,2.0,4.0,0.0,28.0,3.0,14.0,4.0,7.0,10.0,1.0,1.0,7.0,23.0,0.0,12.0,3.0,2.0,2.0,0.0,2.0,0.0,0.0,8.0,11.0,13.0,8.0,4.0,1.0,3.0,6.0,0.0,0.0,1.0,5.0,12.0,6.0,6.0,2.0,12.0,48.0,0.0,0.0,1.0,2.0,1.0,9.0,10.0,3.0,0.0,6.0,4.0,14.0,11.0,13.0,10.0,0.0,1.0,1.0,7.0,1.0,11.0,17.0
2022-06-24 14:00:00,0.0,0.0,0.0,1.0,2.0,1.0,1.0,0.0,15.0,2.0,8.0,3.0,4.0,12.0,1.0,1.0,6.0,7.0,0.0,6.0,2.0,4.0,1.0,0.0,2.0,0.0,0.0,5.0,3.0,6.0,3.0,1.0,2.0,5.0,2.0,0.0,0.0,1.0,3.0,4.0,4.0,6.0,1.0,5.0,12.0,0.0,0.0,0.0,1.0,0.0,5.0,9.0,2.0,0.0,3.0,4.0,2.0,2.0,4.0,3.0,0.0,1.0,2.0,9.0,1.0,1.0,7.0
2022-06-24 15:00:00,4.0,0.0,35.0,17.0,16.0,5.0,121.0,7.0,110.0,36.0,126.0,18.0,33.0,108.0,24.0,13.0,89.0,57.0,0.0,103.0,75.0,59.0,4.0,0.0,23.0,0.0,0.0,45.0,62.0,123.0,179.0,64.0,54.0,37.0,55.0,0.0,0.0,44.0,160.0,112.0,127.0,91.0,24.0,125.0,150.0,0.0,0.0,9.0,48.0,8.0,90.0,116.0,61.0,10.0,52.0,144.0,205.0,220.0,111.0,174.0,0.0,3.0,96.0,90.0,33.0,58.0,102.0
2022-06-24 16:00:00,0.0,0.0,7.0,8.0,8.0,4.0,10.0,0.0,75.0,7.0,35.0,10.0,16.0,22.0,4.0,2.0,18.0,71.0,0.0,37.0,13.0,4.0,4.0,0.0,5.0,0.0,0.0,18.0,37.0,44.0,29.0,17.0,2.0,6.0,19.0,0.0,0.0,6.0,17.0,48.0,12.0,15.0,6.0,44.0,159.0,0.0,0.0,1.0,4.0,4.0,30.0,21.0,13.0,1.0,19.0,13.0,59.0,38.0,42.0,30.0,0.0,3.0,5.0,19.0,2.0,43.0,48.0
2022-06-24 17:00:00,6.0,0.0,47.0,20.0,19.0,5.0,157.0,11.0,169.0,48.0,177.0,20.0,42.0,183.0,36.0,19.0,127.0,79.0,0.0,153.0,109.0,99.0,5.0,0.0,35.0,0.0,0.0,67.0,82.0,171.0,256.0,81.0,80.0,62.0,66.0,0.0,0.0,68.0,243.0,161.0,187.0,137.0,32.0,177.0,191.0,0.0,0.0,14.0,71.0,10.0,127.0,183.0,89.0,14.0,71.0,211.0,265.0,309.0,139.0,230.0,0.0,3.0,125.0,152.0,43.0,69.0,140.0
2022-06-24 18:00:00,1.0,0.0,7.0,9.0,11.0,4.0,22.0,1.0,54.0,13.0,29.0,12.0,24.0,27.0,7.0,2.0,25.0,24.0,0.0,38.0,15.0,8.0,4.0,0.0,6.0,0.0,0.0,21.0,30.0,47.0,42.0,25.0,3.0,7.0,25.0,0.0,0.0,3.0,28.0,36.0,30.0,23.0,12.0,40.0,44.0,0.0,0.0,2.0,3.0,5.0,36.0,39.0,13.0,1.0,22.0,24.0,60.0,48.0,51.0,51.0,0.0,3.0,10.0,20.0,5.0,34.0,46.0
2022-06-24 19:00:00,0.0,0.0,0.0,1.0,2.0,1.0,1.0,0.0,33.0,5.0,17.0,2.0,3.0,38.0,3.0,1.0,13.0,11.0,0.0,14.0,8.0,15.0,2.0,0.0,4.0,0.0,0.0,9.0,3.0,10.0,5.0,1.0,6.0,16.0,1.0,0.0,0.0,5.0,8.0,10.0,10.0,14.0,3.0,10.0,21.0,0.0,0.0,1.0,5.0,1.0,8.0,24.0,8.0,1.0,4.0,13.0,3.0,2.0,3.0,4.0,0.0,0.0,7.0,28.0,2.0,0.0,10.0
2022-06-24 20:00:00,0.0,0.0,0.0,1.0,2.0,2.0,1.0,0.0,19.0,3.0,10.0,3.0,4.0,17.0,1.0,1.0,7.0,8.0,0.0,8.0,3.0,6.0,1.0,0.0,2.0,0.0,0.0,6.0,3.0,7.0,4.0,2.0,3.0,7.0,2.0,0.0,0.0,1.0,4.0,5.0,5.0,8.0,2.0,6.0,13.0,0.0,0.0,1.0,2.0,1.0,6.0,12.0,4.0,1.0,3.0,5.0,2.0,2.0,5.0,4.0,0.0,1.0,2.0,12.0,1.0,1.0,8.0
2022-06-24 21:00:00,10.0,0.0,27.0,13.0,13.0,4.0,61.0,8.0,203.0,41.0,149.0,12.0,24.0,250.0,38.0,14.0,123.0,68.0,0.0,170.0,103.0,113.0,5.0,0.0,42.0,0.0,0.0,79.0,58.0,157.0,203.0,46.0,70.0,78.0,30.0,0.0,0.0,61.0,173.0,154.0,141.0,134.0,19.0,169.0,146.0,0.0,0.0,14.0,59.0,8.0,134.0,167.0,92.0,12.0,72.0,187.0,142.0,209.0,81.0,147.0,0.0,3.0,71.0,207.0,22.0,36.0,126.0
2022-06-24 22:00:00,11.0,0.0,5.0,4.0,5.0,1.0,12.0,7.0,156.0,27.0,107.0,4.0,7.0,266.0,19.0,10.0,79.0,47.0,0.0,107.0,51.0,105.0,4.0,0.0,33.0,0.0,0.0,50.0,18.0,63.0,67.0,8.0,55.0,141.0,5.0,0.0,0.0,58.0,99.0,81.0,79.0,95.0,9.0,87.0,70.0,0.0,0.0,9.0,46.0,4.0,59.0,120.0,63.0,13.0,32.0,105.0,26.0,70.0,19.0,47.0,0.0,2.0,44.0,166.0,11.0,0.0,61.0
2022-06-24 23:00:00,0.0,0.0,0.0,1.0,1.0,1.0,1.0,0.0,14.0,2.0,7.0,2.0,3.0,13.0,1.0,0.0,6.0,5.0,0.0,6.0,3.0,5.0,1.0,0.0,2.0,0.0,0.0,5.0,3.0,6.0,3.0,1.0,2.0,4.0,2.0,0.0,0.0,1.0,2.0,4.0,4.0,6.0,2.0,5.0,10.0,0.0,0.0,1.0,2.0,1.0,5.0,9.0,3.0,0.0,3.0,4.0,3.0,2.0,3.0,3.0,0.0,0.0,2.0,11.0,1.0,1.0,6.0
2022-06-25 00:00:00,1.0,0.0,0.0,1.0,2.0,1.0,1.0,1.0,29.0,4.0,15.0,3.0,4.0,30.0,2.0,1.0,11.0,10.0,0.0,12.0,5.0,11.0,1.0,0.0,4.0,0.0,0.0,9.0,4.0,10.0,5.0,2.0,5.0,13.0,2.0,0.0,0.0,3.0,6.0,8.0,9.0,13.0,2.0,10.0,17.0,0.0,0.0,1.0,4.0,1.0,9.0,20.0,6.0,1.0,5.0,9.0,3.0,3.0,5.0,5.0,0.0,1.0,5.0,20.0,1.0,1.0,10.0
2022-06-25 01:00:00,3.0,0.0,39.0,21.0,17.0,6.0,162.0,8.0,119.0,41.0,138.0,18.0,62.0,81.0,26.0,16.0,98.0,87.0,0.0,128.0,83.0,50.0,5.0,0.0,28.0,0.0,0.0,81.0,167.0,166.0,215.0,97.0,42.0,23.0,67.0,0.0,0.0,38.0,326.0,206.0,214.0,136.0,40.0,207.0,161.0,0.0,0.0,9.0,41.0,9.0,123.0,162.0,74.0,7.0,77.0,180.0,399.0,429.0,163.0,219.0,0.0,5.0,94.0,81.0,34.0,99.0,126.0
2022-06-25 02:00:00,9.0,0.0,16.0,10.0,10.0,4.0,34.0,8.0,187.0,33.0,120.0,10.0,18.0,233.0,31.0,10.0,101.0,57.0,0.0,143.0,84.0,103.0,4.0,0.0,36.0,0.0,0.0,68.0,41.0,121.0,157.0,31.0,57.0,74.0,19.0,0.0,0.0,53.0,123.0,115.0,106.0,111.0,15.0,128.0,114.0,0.0,0.0,12.0,49.0,7.0,103.0,142.0,75.0,9.0,52.0,145.0,93.0,149.0,55.0,107.0,0.0,3.0,45.0,190.0,14.0,23.0,101.0
2022-06-25 03:00:00,0.0,0.0,0.0,1.0,1.0,1.0,1.0,0.0,16.0,3.0,9.0,2.0,3.0,17.0,1.0,1.0,7.0,6.0,0.0,6.0,3.0,6.0,1.0,0.0,2.0,0.0,0.0,5.0,2.0,6.0,2.0,2.0,3.0,8.0,2.0,0.0,0.0,2.0,3.0,4.0,5.0,7.0,2.0,5.0,10.0,0.0,0.0,1.0,2.0,1.0,5.0,11.0,3.0,1.0,3.0,4.0,2.0,1.0,3.0,3.0,0.0,0.0,3.0,11.0,1.0,1.0,6.0
2022-06-25 04:00:00,5.0,0.0,34.0,16.0,15.0,4.0,104.0,8.0,155.0,38.0,148.0,17.0,32.0,140.0,27.0,13.0,99.0,82.0,0.0,120.0,86.0,75.0,4.0,0.0,28.0,0.0,0.0,55.0,72.0,140.0,202.0,62.0,61.0,47.0,51.0,0.0,0.0,47.0,181.0,149.0,145.0,112.0,24.0,153.0,208.0,0.0,0.0,11.0,51.0,8.0,108.0,154.0,65.0,11.0,61.0,157.0,186.0,220.0,108.0,167.0,0.0,3.0,90.0,120.0,30.0,55.0,112.0
2022-06-25 05:00:00,2.0,0.0,12.0,10.0,10.0,6.0,16.0,0.0,97.0,12.0,47.0,13.0,21.0,31.0,7.0,4.0,26.0,89.0,0.0,52.0,19.0,7.0,5.0,0.0,8.0,0.0,0.0,26.0,51.0,60.0,41.0,25.0,3.0,8.0,25.0,0.0,0.0,10.0,30.0,66.0,23.0,24.0,9.0,60.0,196.0,0.0,0.0,2.0,5.0,5.0,42.0,33.0,19.0,2.0,26.0,23.0,84.0,59.0,55.0,44.0,0.0,4.0,9.0,26.0,3.0,56.0,63.0
2022-06-25 06:00:00,4.0,0.0,28.0,20.0,18.0,6.0,68.0,5.0,124.0,36.0,96.0,18.0,37.0,75.0,20.0,7.0,68.0,59.0,0.0,101.0,51.0,26.0,7.0,0.0,21.0,0.0,0.0,45.0,67.0,114.0,128.0,62.0,21.0,22.0,54.0,0.0,0.0,22.0,93.0,106.0,97.0,70.0,23.0,116.0,134.0,0.0,0.0,6.0,21.0,11.0,98.0,106.0,49.0,6.0,58.0,89.0,165.0,153.0,111.0,136.0,0.0,4.0,54.0,61.0,21.0,78.0,105.0
2022-06-25 07:00:00,0.0,0.0,0.0,1.0,2.0,1.0,1.0,0.0,21.0,3.0,10.0,3.0,4.0,19.0,2.0,1.0,8.0,8.0,0.0,8.0,4.0,7.0,1.0,0.0,2.0,0.0,0.0,6.0,3.0,7.0,3.0,2.0,3.0,8.0,2.0,0.0,0.0,2.0,3.0,5.0,6.0,8.0,2.0,7.0,13.0,0.0,0.0,1.0,2.0,1.0,6.0,14.0,4.0,1.0,3.0,6.0,2.0,2.0,4.0,3.0,0.0,1.0,3.0,14.0,1.0,1.0,8.0
2022-06-25 08:00:00,3.0,0.0,4.0,4.0,4.0,2.0,10.0,3.0,105.0,13.0,60.0,6.0,9.0,98.0,11.0,5.0,41.0,45.0,0.0,53.0,30.0,43.0,3.0,0.0,16.0,0.0,0.0,28.0,14.0,43.0,54.0,11.0,23.0,32.0,7.0,0.0,0.0,17.0,50.0,53.0,49.0,49.0,8.0,49.0,93.0,0.0,0.0,5.0,19.0,3.0,35.0,81.0,26.0,3.0,19.0,52.0,25.0,41.0,21.0,37.0,0.0,2.0,18.0,82.0,6.0,8.0,42.0
2022-06-25 09:00:00,3.0,0.0,36.0,20.0,15.0,5.0,134.0,6.0,118.0,38.0,126.0,16.0,47.0,78.0,23.0,14.0,85.0,78.0,0.0,114.0,72.0,43.0,5.0,0.0,25.0,0.0,0.0,64.0,130.0,145.0,183.0,83.0,37.0,22.0,60.0,0.0,0.0,35.0,244.0,168.0,170.0,112.0,32.0,172.0,162.0,0.0,0.0,8.0,36.0,9.0,113.0,141.0,67.0,7.0,68.0,146.0,321.0,334.0,139.0,188.0,0.0,4.0,84.0,75.0,30.0,90.0,113.0
2022-06-25 10:00:00,5.0,0.0,37.0,19.0,16.0,7.0,77.0,3.0,129.0,39.0,96.0,15.0,42.0,69.0,22.0,9.0,69.0,91.0,0.0,116.0,71.0,23.0,8.0,0.0,25.0,0.0,0.0,64.0,149.0,152.0,139.0,81.0,15.0,14.0,55.0,0.0,0.0,31.0,135.0,160.0,96.0,80.0,27.0,172.0,225.0,0.0,0.0,6.0,15.0,11.0,129.0,93.0,67.0,2.0,74.0,96.0,311.0,275.0,136.0,141.0,0.0,5.0,50.0,70.0,15.0,125.0,120.0
2022-06-25 11:00:00,5.0,0.0,34.0,16.0,16.0,5.0,109.0,8.0,129.0,36.0,134.0,17.0,32.0,120.0,26.0,13.0,92.0,72.0,0.0,106.0,79.0,65.0,5.0,0.0,25.0,0.0,0.0,49.0,62.0,124.0,182.0,59.0,57.0,40.0,51.0,0.0,0.0,45.0,171.0,131.0,133.0,99.0,24.0,133.0,181.0,0.0,0.0,10.0,49.0,7.0,92.0,135.0,61.0,10.0,54.0,149.0,182.0,209.0,103.0,162.0,0.0,3.0,93.0,102.0,33.0,51.0,101.0
2022-06-25 12:00:00,3.0,0.0,37.0,20.0,16.0,6.0,143.0,8.0,117.0,38.0,132.0,18.0,50.0,87.0,25.0,14.0,92.0,77.0,0.0,116.0,76.0,49.0,5.0,0.0,25.0,0.0,0.0,65.0,121.0,147.0,192.0,83.0,44.0,26.0,63.0,0.0,0.0,38.0,248.0,165.0,175.0,114.0,33.0,169.0,160.0,0.0,0.0,8.0,41.0,9.0,109.0,139.0,67.0,8.0,66.0,157.0,314.0,333.0,141.0,199.0,0.0,4.0,93.0,80.0,33.0,84.0,116.0
2022-06-25 13:00:00,3.0,0.0,34.0,20.0,15.0,6.0,95.0,4.0,131.0,39.0,111.0,15.0,41.0,72.0,21.0,10.0,74.0,80.0,0.0,115.0,65.0,30.0,7.0,0.0,22.0,0.0,0.0,60.0,122.0,141.0,152.0,76.0,23.0,18.0,58.0,0.0,0.0,29.0,169.0,157.0,130.0,91.0,27.0,159.0,182.0,0.0,0.0,7.0,22.0,11.0,121.0,126.0,62.0,5.0,70.0,110.0,273.0,262.0,128.0,157.0,0.0,4.0,64.0,68.0,22.0,101.0,114.0
2022-06-25 14:00:00,4.0,0.0,25.0,16.0,13.0,6.0,61.0,2.0,106.0,30.0,79.0,13.0,34.0,54.0,15.0,7.0,54.0,72.0,0.0,89.0,51.0,18.0,7.0,0.0,18.0,0.0,0.0,48.0,106.0,113.0,108.0,60.0,13.0,12.0,45.0,0.0,0.0,21.0,105.0,120.0,79.0,62.0,21.0,126.0,174.0,0.0,0.0,5.0,13.0,9.0,96.0,79.0,48.0,2.0,55.0,74.0,222.0,197.0,104.0,113.0,0.0,4.0,40.0,53.0,13.0,90.0,93.0
2022-06-25 15:00:00,5.0,0.0,25.0,9.0,7.0,3.0,68.0,7.0,180.0,29.0,143.0,6.0,21.0,185.0,34.0,17.0,102.0,77.0,0.0,152.0,92.0,99.0,3.0,0.0,36.0,0.0,0.0,69.0,72.0,132.0,203.0,41.0,63.0,58.0,23.0,0.0,0.0,53.0,286.0,218.0,187.0,143.0,20.0,185.0,128.0,0.0,0.0,11.0,51.0,4.0,134.0,221.0,95.0,8.0,69.0,204.0,158.0,262.0,73.0,133.0,0.0,2.0,74.0,165.0,22.0,26.0,97.0
2022-06-25 16:00:00,1.0,0.0,12.0,9.0,10.0,5.0,15.0,0.0,92.0,11.0,45.0,12.0,20.0,28.0,6.0,4.0,24.0,85.0,0.0,49.0,18.0,6.0,5.0,0.0,7.0,0.0,0.0,24.0,49.0,57.0,40.0,24.0,3.0,7.0,23.0,0.0,0.0,9.0,28.0,64.0,20.0,21.0,8.0,58.0,192.0,0.0,0.0,2.0,5.0,5.0,40.0,30.0,18.0,1.0,25.0,20.0,81.0,56.0,53.0,41.0,0.0,4.0,9.0,24.0,3.0,55.0,60.0
2022-06-25 17:00:00,7.0,0.0,21.0,8.0,6.0,2.0,57.0,9.0,213.0,33.0,151.0,6.0,16.0,244.0,34.0,16.0,110.0,73.0,0.0,163.0,100.0,124.0,4.0,0.0,41.0,0.0,0.0,70.0,53.0,131.0,208.0,34.0,71.0,80.0,17.0,0.0,0.0,65.0,244.0,185.0,169.0,147.0,17.0,170.0,128.0,0.0,0.0,13.0,60.0,5.0,129.0,228.0,98.0,10.0,62.0,203.0,124.0,227.0,61.0,129.0,0.0,2.0,67.0,210.0,21.0,18.0,104.0
2022-06-25 18:00:00,3.0,0.0,26.0,15.0,11.0,4.0,90.0,4.0,100.0,31.0,97.0,11.0,38.0,54.0,16.0,9.0,64.0,68.0,0.0,92.0,58.0,26.0,5.0,0.0,20.0,0.0,0.0,55.0,121.0,121.0,138.0,66.0,21.0,14.0,46.0,0.0,0.0,23.0,181.0,144.0,123.0,87.0,25.0,152.0,150.0,0.0,0.0,6.0,21.0,7.0,103.0,105.0,52.0,4.0,60.0,104.0,262.0,269.0,112.0,134.0,0.0,4.0,55.0,56.0,19.0,82.0,92.0
2022-06-25 19:00:00,4.0,0.0,36.0,10.0,9.0,4.0,71.0,6.0,161.0,30.0,139.0,10.0,29.0,139.0,38.0,20.0,101.0,92.0,0.0,142.0,86.0,78.0,3.0,0.0,35.0,0.0,0.0,70.0,91.0,134.0,186.0,48.0,56.0,41.0,29.0,0.0,0.0,43.0,329.0,256.0,204.0,146.0,22.0,200.0,148.0,0.0,0.0,10.0,46.0,5.0,132.0,222.0,98.0,7.0,79.0,207.0,188.0,280.0,86.0,135.0,0.0,2.0,88.0,127.0,25.0,35.0,95.0
2022-06-25 20:00:00,4.0,0.0,18.0,12.0,10.0,3.0,56.0,6.0,153.0,28.0,119.0,12.0,22.0,139.0,20.0,9.0,78.0,77.0,0.0,102.0,68.0,69.0,4.0,0.0,25.0,0.0,0.0,49.0,54.0,109.0,152.0,40.0,47.0,44.0,31.0,0.0,0.0,36.0,121.0,122.0,106.0,91.0,17.0,121.0,192.0,0.0,0.0,9.0,38.0,6.0,86.0,129.0,50.0,7.0,47.0,115.0,117.0,148.0,73.0,113.0,0.0,3.0,53.0,121.0,17.0,38.0,91.0
2022-06-25 21:00:00,3.0,0.0,38.0,18.0,16.0,6.0,136.0,7.0,107.0,36.0,119.0,18.0,56.0,73.0,27.0,15.0,90.0,81.0,0.0,116.0,74.0,46.0,4.0,0.0,23.0,0.0,0.0,74.0,141.0,146.0,185.0,82.0,38.0,20.0,60.0,0.0,0.0,33.0,292.0,191.0,192.0,121.0,35.0,181.0,141.0,0.0,0.0,8.0,36.0,8.0,106.0,147.0,64.0,7.0,69.0,163.0,329.0,361.0,138.0,186.0,0.0,4.0,84.0,71.0,29.0,81.0,110.0
2022-06-25 22:00:00,4.0,0.0,23.0,19.0,21.0,10.0,53.0,1.0,117.0,29.0,70.0,20.0,43.0,58.0,15.0,6.0,55.0,80.0,0.0,99.0,50.0,16.0,9.0,0.0,16.0,0.0,0.0,56.0,109.0,125.0,100.0,62.0,7.0,10.0,54.0,0.0,0.0,20.0,64.0,108.0,55.0,48.0,23.0,118.0,192.0,0.0,0.0,4.0,7.0,11.0,100.0,56.0,44.0,2.0,56.0,64.0,216.0,172.0,113.0,113.0,0.0,6.0,28.0,55.0,8.0,104.0,111.0
2022-06-25 23:00:00,3.0,0.0,55.0,18.0,15.0,5.0,123.0,9.0,159.0,42.0,164.0,17.0,50.0,97.0,45.0,25.0,114.0,119.0,0.0,151.0,98.0,63.0,5.0,0.0,36.0,0.0,0.0,83.0,146.0,164.0,219.0,81.0,57.0,27.0,56.0,0.0,0.0,44.0,420.0,318.0,259.0,169.0,36.0,247.0,203.0,0.0,0.0,11.0,49.0,8.0,147.0,250.0,108.0,8.0,98.0,234.0,317.0,390.0,140.0,194.0,0.0,4.0,123.0,96.0,39.0,76.0,117.0
2022-06-26 00:00:00,0.0,0.0,0.0,2.0,3.0,2.0,3.0,0.0,27.0,3.0,14.0,4.0,7.0,12.0,1.0,1.0,8.0,19.0,0.0,11.0,3.0,3.0,2.0,0.0,2.0,0.0,0.0,8.0,9.0,12.0,8.0,4.0,1.0,4.0,6.0,0.0,0.0,1.0,5.0,10.0,6.0,7.0,2.0,11.0,39.0,0.0,0.0,1.0,2.0,1.0,9.0,11.0,3.0,0.0,5.0,4.0,11.0,10.0,11.0,9.0,0.0,1.0,1.0,8.0,1.0,9.0,15.0
2022-06-26 01:00:00,3.0,0.0,29.0,17.0,15.0,6.0,124.0,7.0,98.0,33.0,112.0,16.0,55.0,61.0,22.0,13.0,83.0,74.0,0.0,108.0,70.0,39.0,4.0,0.0,22.0,0.0,0.0,73.0,149.0,142.0,176.0,79.0,32.0,17.0,56.0,0.0,0.0,27.0,276.0,182.0,177.0,117.0,32.0,184.0,134.0,0.0,0.0,7.0,31.0,6.0,107.0,129.0,60.0,6.0,67.0,152.0,326.0,361.0,134.0,171.0,0.0,5.0,71.0,64.0,25.0,78.0,103.0
2022-06-26 02:00:00,3.0,0.0,36.0,20.0,17.0,6.0,155.0,7.0,110.0,38.0,129.0,18.0,63.0,73.0,25.0,15.0,96.0,85.0,0.0,123.0,81.0,48.0,4.0,0.0,25.0,0.0,0.0,80.0,167.0,161.0,208.0,94.0,40.0,20.0,65.0,0.0,0.0,34.0,327.0,205.0,211.0,135.0,38.0,206.0,148.0,0.0,0.0,8.0,39.0,8.0,117.0,152.0,69.0,7.0,74.0,179.0,387.0,423.0,158.0,206.0,0.0,5.0,89.0,75.0,31.0,90.0,119.0
2022-06-26 03:00:00,3.0,0.0,34.0,20.0,16.0,5.0,150.0,6.0,109.0,37.0,123.0,17.0,58.0,75.0,22.0,14.0,88.0,80.0,0.0,112.0,75.0,46.0,4.0,0.0,24.0,0.0,0.0,71.0,152.0,151.0,193.0,90.0,37.0,21.0,63.0,0.0,0.0,33.0,284.0,177.0,188.0,121.0,37.0,182.0,151.0,0.0,0.0,8.0,37.0,8.0,105.0,142.0,62.0,6.0,67.0,156.0,367.0,383.0,152.0,199.0,0.0,5.0,84.0,74.0,30.0,90.0,114.0
2022-06-26 04:00:00,1.0,0.0,0.0,1.0,2.0,2.0,1.0,1.0,53.0,7.0,27.0,3.0,5.0,57.0,4.0,2.0,20.0,19.0,0.0,23.0,13.0,24.0,2.0,0.0,7.0,0.0,0.0,13.0,4.0,15.0,12.0,1.0,11.0,25.0,2.0,0.0,0.0,9.0,21.0,20.0,18.0,24.0,3.0,18.0,32.0,0.0,0.0,2.0,9.0,1.0,14.0,44.0,15.0,2.0,6.0,23.0,3.0,7.0,5.0,8.0,0.0,1.0,10.0,43.0,2.0,0.0,16.0
2022-06-26 05:00:00,3.0,0.0,33.0,17.0,12.0,5.0,113.0,6.0,112.0,36.0,116.0,13.0,46.0,62.0,21.0,12.0,77.0,80.0,0.0,114.0,71.0,32.0,6.0,0.0,25.0,0.0,0.0,67.0,151.0,146.0,171.0,80.0,27.0,15.0,54.0,0.0,0.0,29.0,244.0,185.0,159.0,111.0,29.0,190.0,168.0,0.0,0.0,7.0,27.0,8.0,125.0,129.0,68.0,5.0,73.0,137.0,328.0,349.0,135.0,164.0,0.0,5.0,69.0,66.0,24.0,96.0,108.0
2022-06-26 06:00:00,3.0,0.0,35.0,19.0,17.0,6.0,131.0,7.0,112.0,36.0,124.0,19.0,46.0,85.0,24.0,13.0,88.0,72.0,0.0,111.0,72.0,47.0,5.0,0.0,24.0,0.0,0.0,61.0,107.0,139.0,179.0,76.0,42.0,25.0,60.0,0.0,0.0,36.0,218.0,150.0,157.0,103.0,30.0,155.0,154.0,0.0,0.0,8.0,39.0,9.0,103.0,124.0,62.0,8.0,63.0,146.0,280.0,297.0,130.0,186.0,0.0,4.0,88.0,77.0,31.0,78.0,111.0
2022-06-26 07:00:00,4.0,0.0,3.0,2.0,3.0,2.0,8.0,4.0,110.0,16.0,68.0,4.0,7.0,151.0,12.0,7.0,48.0,38.0,0.0,63.0,32.0,63.0,3.0,0.0,19.0,0.0,0.0,32.0,13.0,38.0,42.0,5.0,32.0,74.0,3.0,0.0,0.0,31.0,74.0,60.0,55.0,62.0,7.0,55.0,58.0,0.0,0.0,5.0,27.0,2.0,37.0,95.0,39.0,7.0,19.0,66.0,17.0,44.0,13.0,28.0,0.0,2.0,26.0,102.0,7.0,0.0,38.0
2022-06-26 08:00:00,23.0,0.0,1.0,3.0,4.0,1.0,0.0,7.0,145.0,27.0,103.0,1.0,1.0,352.0,16.0,8.0,81.0,34.0,0.0,98.0,43.0,124.0,2.0,0.0,34.0,0.0,0.0,47.0,1.0,46.0,22.0,4.0,68.0,223.0,0.0,0.0,0.0,73.0,19.0,31.0,42.0,85.0,4.0,58.0,54.0,0.0,0.0,8.0,47.0,6.0,40.0,83.0,59.0,16.0,22.0,76.0,0.0,5.0,6.0,19.0,0.0,1.0,48.0,183.0,8.0,0.0,51.0
2022-06-26 09:00:00,4.0,0.0,36.0,18.0,14.0,6.0,85.0,4.0,127.0,39.0,103.0,13.0,41.0,69.0,21.0,9.0,72.0,84.0,0.0,114.0,69.0,26.0,7.0,0.0,24.0,0.0,0.0,64.0,141.0,148.0,145.0,78.0,19.0,16.0,54.0,0.0,0.0,30.0,156.0,162.0,114.0,88.0,27.0,171.0,201.0,0.0,0.0,7.0,18.0,10.0,128.0,110.0,65.0,4.0,73.0,103.0,299.0,279.0,130.0,144.0,0.0,4.0,56.0,70.0,18.0,114.0,115.0
2022-06-26 10:00:00,5.0,0.0,32.0,17.0,16.0,7.0,67.0,1.0,117.0,34.0,83.0,15.0,40.0,60.0,18.0,7.0,60.0,87.0,0.0,104.0,64.0,19.0,8.0,0.0,22.0,0.0,0.0,57.0,137.0,139.0,124.0,74.0,12.0,11.0,51.0,0.0,0.0,26.0,109.0,140.0,77.0,66.0,25.0,154.0,219.0,0.0,0.0,5.0,12.0,10.0,115.0,73.0,58.0,1.0,67.0,82.0,286.0,245.0,126.0,126.0,0.0,5.0,41.0,63.0,12.0,118.0,111.0
2022-06-26 11:00:00,10.0,0.0,40.0,19.0,19.0,5.0,118.0,10.0,208.0,53.0,183.0,18.0,36.0,252.0,42.0,16.0,145.0,76.0,0.0,186.0,124.0,119.0,5.0,0.0,45.0,0.0,0.0,84.0,79.0,193.0,261.0,74.0,84.0,80.0,56.0,0.0,0.0,71.0,195.0,165.0,169.0,147.0,29.0,197.0,194.0,0.0,0.0,16.0,73.0,11.0,154.0,174.0,100.0,15.0,83.0,218.0,230.0,280.0,128.0,212.0,0.0,3.0,109.0,209.0,34.0,66.0,157.0
2022-06-26 12:00:00,6.0,0.0,26.0,9.0,7.0,3.0,71.0,8.0,198.0,31.0,153.0,6.0,21.0,200.0,36.0,19.0,107.0,84.0,0.0,161.0,99.0,109.0,3.0,0.0,38.0,0.0,0.0,72.0,74.0,135.0,218.0,41.0,68.0,64.0,23.0,0.0,0.0,58.0,312.0,234.0,203.0,154.0,20.0,195.0,136.0,0.0,0.0,12.0,55.0,4.0,141.0,249.0,102.0,9.0,71.0,221.0,161.0,276.0,75.0,138.0,0.0,2.0,79.0,179.0,23.0,25.0,101.0
2022-06-26 13:00:00,0.0,0.0,0.0,3.0,3.0,2.0,4.0,0.0,29.0,3.0,14.0,4.0,7.0,10.0,1.0,1.0,7.0,24.0,0.0,12.0,3.0,2.0,2.0,0.0,2.0,0.0,0.0,8.0,11.0,13.0,8.0,4.0,1.0,3.0,6.0,0.0,0.0,1.0,5.0,13.0,6.0,6.0,2.0,12.0,49.0,0.0,0.0,1.0,1.0,1.0,9.0,10.0,3.0,0.0,6.0,4.0,14.0,11.0,13.0,10.0,0.0,1.0,1.0,7.0,1.0,11.0,17.0
2022-06-26 14:00:00,5.0,0.0,25.0,9.0,7.0,3.0,69.0,8.0,199.0,30.0,152.0,6.0,21.0,202.0,35.0,18.0,106.0,83.0,0.0,160.0,98.0,110.0,4.0,0.0,38.0,0.0,0.0,71.0,71.0,133.0,217.0,40.0,68.0,65.0,22.0,0.0,0.0,59.0,307.0,230.0,200.0,153.0,20.0,192.0,134.0,0.0,0.0,12.0,55.0,4.0,139.0,248.0,101.0,9.0,69.0,219.0,156.0,271.0,73.0,136.0,0.0,2.0,77.0,181.0,23.0,23.0,100.0
2022-06-26 15:00:00,4.0,0.0,37.0,18.0,17.0,5.0,128.0,8.0,114.0,37.0,131.0,18.0,35.0,112.0,25.0,13.0,92.0,58.0,0.0,106.0,79.0,62.0,4.0,0.0,24.0,0.0,0.0,45.0,65.0,127.0,189.0,67.0,56.0,39.0,58.0,0.0,0.0,47.0,168.0,114.0,133.0,94.0,25.0,129.0,155.0,0.0,0.0,9.0,51.0,8.0,93.0,123.0,64.0,10.0,53.0,150.0,218.0,232.0,116.0,183.0,0.0,3.0,102.0,94.0,35.0,62.0,105.0
2022-06-26 16:00:00,4.0,0.0,57.0,19.0,15.0,5.0,123.0,9.0,170.0,44.0,168.0,17.0,52.0,110.0,47.0,25.0,120.0,122.0,0.0,164.0,102.0,67.0,5.0,0.0,37.0,0.0,0.0,91.0,153.0,176.0,226.0,84.0,57.0,31.0,57.0,0.0,0.0,46.0,427.0,324.0,266.0,175.0,36.0,258.0,202.0,0.0,0.0,11.0,50.0,9.0,159.0,256.0,113.0,9.0,104.0,243.0,327.0,404.0,143.0,198.0,0.0,4.0,122.0,107.0,38.0,80.0,127.0
2022-06-26 17:00:00,4.0,0.0,24.0,15.0,17.0,8.0,45.0,1.0,110.0,25.0,66.0,16.0,35.0,48.0,14.0,6.0,47.0,90.0,0.0,86.0,47.0,14.0,8.0,0.0,17.0,0.0,0.0,47.0,107.0,113.0,91.0,57.0,7.0,8.0,43.0,0.0,0.0,20.0,65.0,108.0,47.0,44.0,21.0,116.0,219.0,0.0,0.0,4.0,8.0,9.0,88.0,48.0,43.0,1.0,52.0,57.0,214.0,171.0,103.0,96.0,0.0,5.0,26.0,49.0,7.0,102.0,99.0
2022-06-26 18:00:00,2.0,0.0,0.0,2.0,2.0,2.0,3.0,2.0,72.0,9.0,38.0,4.0,6.0,72.0,6.0,3.0,27.0,27.0,0.0,33.0,17.0,29.0,2.0,0.0,11.0,0.0,0.0,20.0,7.0,25.0,22.0,5.0,14.0,26.0,3.0,0.0,0.0,10.0,26.0,29.0,28.0,32.0,4.0,28.0,49.0,0.0,0.0,2.0,12.0,2.0,22.0,52.0,18.0,2.0,11.0,29.0,9.0,17.0,11.0,17.0,0.0,1.0,10.0,56.0,4.0,2.0,26.0
2022-06-26 19:00:00,4.0,0.0,33.0,18.0,12.0,5.0,98.0,5.0,121.0,38.0,111.0,12.0,42.0,65.0,20.0,10.0,73.0,81.0,0.0,113.0,70.0,28.0,6.0,0.0,24.0,0.0,0.0,65.0,147.0,148.0,158.0,79.0,22.0,15.0,54.0,0.0,0.0,28.0,191.0,171.0,133.0,97.0,28.0,181.0,189.0,0.0,0.0,7.0,21.0,9.0,129.0,116.0,65.0,4.0,73.0,115.0,312.0,312.0,133.0,153.0,0.0,4.0,60.0,68.0,21.0,107.0,112.0
2022-06-26 20:00:00,1.0,0.0,3.0,4.0,5.0,3.0,6.0,1.0,33.0,7.0,17.0,7.0,11.0,17.0,3.0,1.0,13.0,16.0,0.0,16.0,6.0,4.0,2.0,0.0,3.0,0.0,0.0,12.0,14.0,19.0,12.0,8.0,2.0,7.0,9.0,0.0,0.0,2.0,11.0,15.0,13.0,13.0,5.0,17.0,29.0,0.0,0.0,1.0,2.0,2.0,15.0,21.0,7.0,1.0,10.0,9.0,21.0,17.0,18.0,17.0,0.0,2.0,5.0,12.0,2.0,13.0,20.0
2022-06-26 21:00:00,1.0,0.0,0.0,2.0,2.0,2.0,2.0,2.0,64.0,8.0,34.0,4.0,6.0,66.0,5.0,3.0,24.0,23.0,0.0,29.0,14.0,26.0,2.0,0.0,9.0,0.0,0.0,17.0,6.0,21.0,17.0,4.0,12.0,27.0,3.0,0.0,0.0,9.0,22.0,24.0,24.0,29.0,4.0,24.0,40.0,0.0,0.0,2.0,11.0,1.0,19.0,47.0,16.0,2.0,9.0,25.0,7.0,13.0,9.0,14.0,0.0,1.0,10.0,49.0,3.0,2.0,22.0
2022-06-26 22:00:00,3.0,0.0,43.0,20.0,17.0,6.0,158.0,8.0,120.0,40.0,138.0,18.0,59.0,82.0,29.0,17.0,100.0,90.0,0.0,128.0,83.0,52.0,4.0,0.0,27.0,0.0,0.0,78.0,153.0,161.0,211.0,92.0,45.0,23.0,66.0,0.0,0.0,38.0,330.0,214.0,219.0,136.0,38.0,200.0,160.0,0.0,0.0,9.0,43.0,9.0,118.0,171.0,73.0,8.0,76.0,184.0,368.0,404.0,154.0,213.0,0.0,4.0,99.0,79.0,35.0,90.0,122.0
2022-06-26 23:00:00,0.0,0.0,5.0,6.0,7.0,4.0,9.0,0.0,61.0,6.0,29.0,9.0,14.0,18.0,3.0,2.0,15.0,57.0,0.0,29.0,9.0,4.0,4.0,0.0,4.0,0.0,0.0,15.0,29.0,35.0,23.0,13.0,2.0,5.0,15.0,0.0,0.0,4.0,15.0,36.0,11.0,12.0,5.0,34.0,126.0,0.0,0.0,1.0,3.0,3.0,23.0,17.0,9.0,1.0,15.0,10.0,44.0,30.0,33.0,24.0,0.0,3.0,3.0,15.0,1.0,32.0,39.0
2022-06-27 00:00:00,4.0,0.0,3.0,2.0,3.0,1.0,7.0,4.0,106.0,16.0,66.0,4.0,7.0,149.0,11.0,6.0,48.0,35.0,0.0,62.0,32.0,61.0,3.0,0.0,19.0,0.0,0.0,32.0,12.0,39.0,40.0,5.0,31.0,73.0,3.0,0.0,0.0,30.0,64.0,56.0,52.0,59.0,7.0,53.0,55.0,0.0,0.0,5.0,26.0,2.0,36.0,85.0,37.0,6.0,19.0,63.0,16.0,42.0,13.0,28.0,0.0,1.0,25.0,100.0,7.0,0.0,39.0
2022-06-27 01:00:00,26.0,0.0,10.0,8.0,9.0,4.0,9.0,13.0,214.0,42.0,151.0,8.0,11.0,415.0,30.0,13.0,120.0,56.0,0.0,164.0,78.0,153.0,5.0,0.0,49.0,0.0,0.0,77.0,23.0,101.0,98.0,18.0,86.0,228.0,11.0,0.0,0.0,91.0,82.0,87.0,87.0,128.0,12.0,117.0,95.0,0.0,0.0,12.0,67.0,8.0,89.0,127.0,91.0,20.0,49.0,139.0,35.0,81.0,33.0,75.0,0.0,4.0,61.0,242.0,15.0,12.0,100.0
2022-06-27 02:00:00,5.0,0.0,28.0,16.0,17.0,8.0,50.0,1.0,116.0,28.0,71.0,17.0,37.0,53.0,16.0,7.0,51.0,93.0,0.0,94.0,52.0,15.0,8.0,0.0,19.0,0.0,0.0,50.0,116.0,122.0,100.0,62.0,8.0,9.0,46.0,0.0,0.0,23.0,74.0,119.0,54.0,49.0,22.0,126.0,229.0,0.0,0.0,4.0,9.0,10.0,97.0,55.0,48.0,1.0,57.0,64.0,236.0,188.0,112.0,105.0,0.0,5.0,31.0,53.0,8.0,110.0,105.0
2022-06-27 03:00:00,2.0,0.0,10.0,6.0,5.0,2.0,34.0,5.0,125.0,17.0,86.0,6.0,14.0,117.0,17.0,8.0,57.0,54.0,0.0,80.0,52.0,63.0,3.0,0.0,18.0,0.0,0.0,38.0,35.0,69.0,113.0,20.0,37.0,40.0,14.0,0.0,0.0,30.0,139.0,108.0,98.0,79.0,11.0,92.0,101.0,0.0,0.0,7.0,30.0,3.0,65.0,137.0,45.0,5.0,32.0,104.0,68.0,118.0,39.0,70.0,0.0,2.0,36.0,104.0,11.0,13.0,57.0
2022-06-27 04:00:00,4.0,0.0,28.0,16.0,13.0,6.0,68.0,3.0,110.0,32.0,86.0,13.0,36.0,57.0,16.0,7.0,58.0,76.0,0.0,95.0,58.0,20.0,7.0,0.0,20.0,0.0,0.0,53.0,121.0,125.0,120.0,66.0,14.0,12.0,47.0,0.0,0.0,23.0,119.0,133.0,87.0,70.0,23.0,143.0,187.0,0.0,0.0,5.0,14.0,9.0,106.0,84.0,53.0,2.0,61.0,82.0,253.0,228.0,113.0,121.0,0.0,4.0,44.0,58.0,14.0,99.0,100.0
2022-06-27 05:00:00,5.0,0.0,41.0,19.0,19.0,6.0,124.0,8.0,128.0,43.0,142.0,20.0,37.0,129.0,29.0,14.0,106.0,65.0,0.0,129.0,83.0,61.0,6.0,0.0,29.0,0.0,0.0,59.0,72.0,148.0,190.0,71.0,55.0,40.0,61.0,0.0,0.0,48.0,165.0,127.0,139.0,103.0,26.0,148.0,167.0,0.0,0.0,10.0,52.0,10.0,112.0,117.0,74.0,11.0,66.0,162.0,221.0,241.0,122.0,192.0,0.0,3.0,104.0,103.0,37.0,69.0,125.0
2022-06-27 06:00:00,7.0,0.0,27.0,13.0,14.0,5.0,57.0,5.0,159.0,35.0,123.0,14.0,28.0,181.0,33.0,12.0,105.0,66.0,0.0,140.0,83.0,79.0,3.0,0.0,32.0,0.0,0.0,71.0,65.0,141.0,166.0,46.0,53.0,54.0,34.0,0.0,0.0,43.0,151.0,144.0,124.0,110.0,18.0,152.0,142.0,0.0,0.0,11.0,44.0,8.0,116.0,127.0,71.0,9.0,67.0,151.0,141.0,188.0,82.0,130.0,0.0,3.0,63.0,149.0,19.0,41.0,111.0
2022-06-27 07:00:00,9.0,0.0,34.0,15.0,17.0,6.0,70.0,7.0,186.0,44.0,148.0,17.0,33.0,223.0,40.0,14.0,128.0,73.0,0.0,169.0,101.0,97.0,5.0,0.0,40.0,0.0,0.0,85.0,73.0,171.0,198.0,55.0,65.0,66.0,41.0,0.0,0.0,55.0,174.0,164.0,143.0,131.0,22.0,180.0,163.0,0.0,0.0,14.0,55.0,10.0,139.0,145.0,89.0,12.0,80.0,186.0,165.0,221.0,96.0,157.0,0.0,3.0,79.0,182.0,24.0,48.0,135.0
2022-06-27 08:00:00,3.0,0.0,34.0,19.0,15.0,5.0,132.0,7.0,107.0,36.0,120.0,16.0,53.0,67.0,24.0,14.0,85.0,79.0,0.0,115.0,72.0,41.0,5.0,0.0,25.0,0.0,0.0,72.0,149.0,146.0,184.0,82.0,35.0,18.0,57.0,0.0,0.0,32.0,287.0,189.0,185.0,120.0,34.0,187.0,146.0,0.0,0.0,8.0,34.0,7.0,114.0,142.0,67.0,6.0,71.0,158.0,340.0,372.0,139.0,184.0,0.0,5.0,79.0,69.0,28.0,87.0,109.0
2022-06-27 09:00:00,3.0,0.0,38.0,20.0,16.0,5.0,144.0,8.0,117.0,38.0,132.0,18.0,49.0,85.0,25.0,15.0,91.0,78.0,0.0,116.0,75.0,49.0,5.0,0.0,26.0,0.0,0.0,65.0,124.0,147.0,193.0,83.0,43.0,25.0,62.0,0.0,0.0,38.0,255.0,168.0,178.0,116.0,33.0,171.0,160.0,0.0,0.0,8.0,41.0,9.0,109.0,142.0,67.0,8.0,67.0,157.0,318.0,338.0,141.0,198.0,0.0,4.0,93.0,79.0,33.0,85.0,115.0
2022-06-27 10:00:00,2.0,0.0,7.0,10.0,12.0,6.0,23.0,1.0,60.0,14.0,32.0,13.0,27.0,30.0,7.0,2.0,28.0,29.0,0.0,43.0,18.0,8.0,5.0,0.0,6.0,0.0,0.0,26.0,37.0,53.0,43.0,27.0,3.0,8.0,29.0,0.0,0.0,4.0,28.0,40.0,30.0,24.0,12.0,45.0,56.0,0.0,0.0,2.0,3.0,5.0,40.0,36.0,14.0,1.0,24.0,26.0,70.0,54.0,54.0,53.0,0.0,3.0,10.0,23.0,4.0,39.0,51.0
2022-06-27 11:00:00,9.0,0.0,26.0,14.0,14.0,4.0,76.0,9.0,192.0,41.0,151.0,13.0,25.0,244.0,35.0,12.0,123.0,62.0,0.0,164.0,105.0,112.0,4.0,0.0,41.0,0.0,0.0,74.0,56.0,157.0,215.0,52.0,72.0,77.0,37.0,0.0,0.0,62.0,151.0,136.0,134.0,126.0,20.0,163.0,153.0,0.0,0.0,14.0,62.0,8.0,129.0,148.0,85.0,12.0,66.0,182.0,157.0,213.0,92.0,161.0,0.0,3.0,77.0,202.0,23.0,41.0,128.0
2022-06-27 12:00:00,3.0,0.0,2.0,2.0,3.0,2.0,5.0,3.0,94.0,12.0,52.0,4.0,6.0,105.0,10.0,6.0,36.0,34.0,0.0,47.0,26.0,47.0,3.0,0.0,14.0,0.0,0.0,24.0,10.0,29.0,38.0,4.0,24.0,47.0,2.0,0.0,0.0,22.0,66.0,52.0,45.0,49.0,6.0,42.0,53.0,0.0,0.0,4.0,19.0,1.0,30.0,90.0,30.0,4.0,15.0,54.0,11.0,33.0,10.0,20.0,0.0,1.0,19.0,78.0,6.0,0.0,29.0
2022-06-27 13:00:00,9.0,0.0,3.0,2.0,4.0,1.0,10.0,7.0,145.0,23.0,96.0,3.0,6.0,239.0,16.0,9.0,70.0,45.0,0.0,93.0,45.0,96.0,4.0,0.0,30.0,0.0,0.0,44.0,14.0,53.0,55.0,5.0,49.0,127.0,3.0,0.0,0.0,51.0,91.0,74.0,72.0,86.0,8.0,76.0,65.0,0.0,0.0,8.0,42.0,3.0,50.0,116.0,56.0,11.0,27.0,94.0,20.0,59.0,15.0,38.0,0.0,2.0,39.0,151.0,9.0,0.0,53.0
2022-06-27 14:00:00,5.0,0.0,36.0,18.0,13.0,6.0,88.0,4.0,129.0,40.0,106.0,13.0,42.0,70.0,21.0,9.0,73.0,87.0,0.0,116.0,72.0,26.0,7.0,0.0,25.0,0.0,0.0,65.0,150.0,153.0,150.0,82.0,19.0,15.0,55.0,0.0,0.0,30.0,160.0,167.0,116.0,91.0,28.0,180.0,213.0,0.0,0.0,7.0,18.0,10.0,132.0,108.0,66.0,4.0,75.0,105.0,316.0,294.0,136.0,147.0,0.0,5.0,56.0,72.0,18.0,119.0,118.0
2022-06-27 15:00:00,9.0,0.0,45.0,20.0,20.0,7.0,94.0,8.0,196.0,51.0,166.0,20.0,43.0,200.0,44.0,17.0,135.0,91.0,0.0,179.0,108.0,89.0,6.0,0.0,39.0,0.0,0.0,92.0,101.0,192.0,222.0,73.0,65.0,59.0,57.0,0.0,0.0,55.0,219.0,204.0,176.0,145.0,28.0,209.0,200.0,0.0,0.0,14.0,54.0,12.0,159.0,174.0,95.0,13.0,93.0,200.0,223.0,272.0,125.0,186.0,0.0,4.0,96.0,165.0,30.0,71.0,150.0
2022-06-27 16:00:00,5.0,0.0,43.0,23.0,20.0,6.0,109.0,6.0,144.0,46.0,131.0,20.0,42.0,100.0,27.0,12.0,92.0,77.0,0.0,131.0,76.0,41.0,8.0,0.0,27.0,0.0,0.0,57.0,93.0,150.0,178.0,82.0,37.0,29.0,67.0,0.0,0.0,40.0,153.0,146.0,136.0,96.0,28.0,156.0,186.0,0.0,0.0,8.0,36.0,13.0,125.0,134.0,73.0,8.0,73.0,136.0,249.0,238.0,140.0,187.0,0.0,4.0,89.0,83.0,32.0,97.0,130.0
2022-06-27 17:00:00,3.0,0.0,21.0,17.0,16.0,5.0,52.0,3.0,105.0,28.0,70.0,17.0,36.0,55.0,15.0,5.0,51.0,48.0,0.0,80.0,37.0,17.0,6.0,0.0,16.0,0.0,0.0,36.0,57.0,92.0,99.0,53.0,12.0,15.0,47.0,0.0,0.0,13.0,75.0,87.0,76.0,53.0,21.0,91.0,100.0,0.0,0.0,4.0,13.0,9.0,78.0,91.0,35.0,3.0,47.0,63.0,133.0,116.0,98.0,110.0,0.0,4.0,35.0,43.0,15.0,68.0,87.0
2022-06-27 18:00:00,4.0,0.0,41.0,20.0,19.0,6.0,122.0,8.0,120.0,42.0,134.0,20.0,38.0,107.0,26.0,13.0,96.0,62.0,0.0,119.0,77.0,50.0,6.0,0.0,27.0,0.0,0.0,52.0,72.0,140.0,182.0,73.0,49.0,34.0,64.0,0.0,0.0,43.0,152.0,123.0,132.0,94.0,26.0,140.0,165.0,0.0,0.0,9.0,47.0,10.0,108.0,114.0,70.0,10.0,63.0,148.0,225.0,230.0,126.0,190.0,0.0,3.0,102.0,86.0,36.0,74.0,120.0
2022-06-27 19:00:00,5.0,0.0,19.0,8.0,6.0,2.0,54.0,7.0,185.0,28.0,133.0,5.0,16.0,205.0,30.0,15.0,97.0,67.0,0.0,144.0,88.0,106.0,4.0,0.0,36.0,0.0,0.0,63.0,54.0,118.0,185.0,32.0,62.0,66.0,17.0,0.0,0.0,55.0,232.0,178.0,157.0,131.0,17.0,158.0,116.0,0.0,0.0,11.0,51.0,4.0,118.0,205.0,87.0,8.0,57.0,184.0,122.0,215.0,59.0,116.0,0.0,2.0,62.0,180.0,18.0,18.0,92.0
2022-06-27 20:00:00,5.0,0.0,61.0,21.0,17.0,6.0,142.0,9.0,175.0,50.0,176.0,18.0,57.0,120.0,47.0,25.0,128.0,120.0,0.0,174.0,109.0,71.0,5.0,0.0,39.0,0.0,0.0,96.0,164.0,192.0,245.0,95.0,59.0,34.0,65.0,0.0,0.0,50.0,429.0,321.0,276.0,179.0,41.0,265.0,203.0,0.0,0.0,12.0,53.0,10.0,168.0,259.0,116.0,10.0,109.0,250.0,367.0,437.0,159.0,223.0,0.0,4.0,129.0,114.0,41.0,94.0,141.0
2022-06-27 21:00:00,5.0,0.0,39.0,22.0,21.0,8.0,150.0,8.0,118.0,39.0,132.0,23.0,59.0,99.0,29.0,15.0,103.0,80.0,0.0,125.0,82.0,55.0,5.0,0.0,25.0,0.0,0.0,75.0,126.0,158.0,200.0,86.0,48.0,29.0,70.0,0.0,0.0,41.0,252.0,166.0,177.0,117.0,35.0,173.0,160.0,0.0,0.0,9.0,45.0,10.0,107.0,129.0,66.0,9.0,68.0,169.0,320.0,341.0,149.0,210.0,0.0,6.0,96.0,87.0,34.0,83.0,126.0
2022-06-27 22:00:00,3.0,0.0,28.0,17.0,13.0,4.0,117.0,5.0,100.0,33.0,108.0,14.0,46.0,62.0,19.0,11.0,74.0,69.0,0.0,98.0,63.0,36.0,4.0,0.0,21.0,0.0,0.0,61.0,131.0,130.0,162.0,75.0,30.0,17.0,52.0,0.0,0.0,26.0,234.0,155.0,156.0,103.0,30.0,162.0,138.0,0.0,0.0,7.0,29.0,7.0,100.0,123.0,55.0,5.0,62.0,128.0,302.0,319.0,126.0,163.0,0.0,4.0,69.0,63.0,25.0,79.0,97.0
2022-06-27 23:00:00,3.0,0.0,28.0,16.0,11.0,4.0,97.0,5.0,107.0,33.0,105.0,12.0,40.0,58.0,18.0,10.0,68.0,73.0,0.0,98.0,62.0,28.0,5.0,0.0,21.0,0.0,0.0,58.0,129.0,129.0,148.0,71.0,23.0,15.0,49.0,0.0,0.0,25.0,198.0,156.0,134.0,95.0,26.0,162.0,160.0,0.0,0.0,6.0,23.0,7.0,109.0,115.0,57.0,5.0,64.0,112.0,281.0,290.0,120.0,144.0,0.0,4.0,60.0,60.0,21.0,87.0,97.0
2022-06-28 00:00:00,3.0,0.0,57.0,22.0,18.0,6.0,159.0,10.0,150.0,47.0,164.0,20.0,63.0,90.0,41.0,23.0,119.0,115.0,0.0,156.0,99.0,58.0,5.0,0.0,34.0,0.0,0.0,92.0,173.0,182.0,236.0,99.0,52.0,25.0,70.0,0.0,0.0,45.0,418.0,296.0,268.0,167.0,42.0,251.0,195.0,0.0,0.0,11.0,49.0,10.0,150.0,231.0,102.0,9.0,99.0,232.0,397.0,454.0,168.0,230.0,0.0,5.0,124.0,90.0,41.0,100.0,136.0
2022-06-28 01:00:00,0.0,0.0,0.0,2.0,3.0,2.0,4.0,0.0,27.0,3.0,14.0,4.0,7.0,9.0,1.0,1.0,7.0,22.0,0.0,11.0,3.0,2.0,2.0,0.0,2.0,0.0,0.0,8.0,10.0,13.0,8.0,4.0,1.0,3.0,6.0,0.0,0.0,1.0,5.0,12.0,6.0,6.0,2.0,12.0,46.0,0.0,0.0,1.0,1.0,1.0,9.0,10.0,3.0,0.0,6.0,4.0,13.0,10.0,12.0,10.0,0.0,1.0,1.0,7.0,1.0,10.0,16.0
2022-06-28 02:00:00,3.0,0.0,27.0,16.0,11.0,5.0,80.0,4.0,111.0,33.0,96.0,12.0,36.0,58.0,16.0,8.0,63.0,73.0,0.0,96.0,59.0,23.0,6.0,0.0,21.0,0.0,0.0,55.0,123.0,127.0,133.0,68.0,18.0,14.0,48.0,0.0,0.0,23.0,149.0,142.0,108.0,80.0,24.0,151.0,175.0,0.0,0.0,6.0,18.0,8.0,110.0,100.0,53.0,4.0,63.0,93.0,259.0,251.0,115.0,130.0,0.0,4.0,50.0,59.0,17.0,94.0,99.0
2022-06-28 03:00:00,4.0,0.0,28.0,20.0,19.0,9.0,69.0,2.0,112.0,34.0,76.0,18.0,43.0,64.0,17.0,6.0,61.0,67.0,0.0,105.0,59.0,20.0,8.0,0.0,18.0,0.0,0.0,57.0,118.0,133.0,118.0,70.0,11.0,13.0,57.0,0.0,0.0,25.0,89.0,118.0,74.0,59.0,25.0,132.0,164.0,0.0,0.0,5.0,11.0,11.0,110.0,73.0,53.0,2.0,61.0,79.0,256.0,212.0,123.0,134.0,0.0,5.0,41.0,62.0,12.0,108.0,111.0
2022-06-28 04:00:00,0.0,0.0,0.0,1.0,2.0,1.0,1.0,0.0,18.0,3.0,9.0,2.0,3.0,20.0,1.0,1.0,7.0,6.0,0.0,7.0,3.0,8.0,1.0,0.0,2.0,0.0,0.0,5.0,2.0,6.0,2.0,1.0,3.0,10.0,2.0,0.0,0.0,2.0,3.0,4.0,5.0,7.0,2.0,5.0,11.0,0.0,0.0,1.0,2.0,1.0,5.0,14.0,4.0,1.0,3.0,5.0,1.0,0.0,3.0,3.0,0.0,1.0,3.0,13.0,1.0,1.0,6.0
2022-06-28 05:00:00,5.0,0.0,36.0,18.0,13.0,6.0,87.0,4.0,129.0,40.0,105.0,13.0,42.0,68.0,21.0,9.0,71.0,90.0,0.0,115.0,73.0,25.0,7.0,0.0,26.0,0.0,0.0,64.0,152.0,154.0,151.0,83.0,18.0,15.0,55.0,0.0,0.0,30.0,158.0,167.0,112.0,90.0,28.0,181.0,222.0,0.0,0.0,6.0,18.0,10.0,131.0,105.0,67.0,3.0,76.0,103.0,321.0,295.0,138.0,148.0,0.0,5.0,56.0,71.0,18.0,121.0,118.0
2022-06-28 06:00:00,1.0,0.0,5.0,7.0,9.0,4.0,16.0,1.0,47.0,11.0,24.0,10.0,20.0,23.0,5.0,2.0,20.0,21.0,0.0,29.0,12.0,6.0,3.0,0.0,5.0,0.0,0.0,19.0,24.0,37.0,29.0,19.0,2.0,7.0,20.0,0.0,0.0,3.0,18.0,26.0,21.0,18.0,9.0,30.0,38.0,0.0,0.0,1.0,2.0,4.0,28.0,30.0,10.0,1.0,17.0,17.0,46.0,34.0,39.0,37.0,0.0,3.0,7.0,17.0,3.0,27.0,37.0
2022-06-28 07:00:00,1.0,0.0,8.0,10.0,11.0,5.0,26.0,1.0,58.0,14.0,31.0,13.0,26.0,29.0,7.0,2.0,26.0,25.0,0.0,40.0,16.0,8.0,4.0,0.0,7.0,0.0,0.0,22.0,32.0,50.0,46.0,28.0,4.0,8.0,28.0,0.0,0.0,4.0,30.0,37.0,32.0,24.0,13.0,42.0,46.0,0.0,0.0,2.0,4.0,5.0,38.0,41.0,13.0,1.0,24.0,25.0,67.0,51.0,57.0,56.0,0.0,3.0,10.0,21.0,6.0,38.0,50.0
2022-06-28 08:00:00,4.0,0.0,36.0,19.0,12.0,5.0,106.0,5.0,126.0,39.0,118.0,12.0,42.0,68.0,22.0,11.0,76.0,85.0,0.0,117.0,72.0,30.0,6.0,0.0,26.0,0.0,0.0,65.0,147.0,150.0,167.0,82.0,25.0,17.0,55.0,0.0,0.0,31.0,211.0,180.0,146.0,104.0,29.0,186.0,193.0,0.0,0.0,7.0,25.0,9.0,131.0,131.0,70.0,5.0,75.0,125.0,323.0,324.0,137.0,162.0,0.0,4.0,68.0,69.0,24.0,109.0,114.0
2022-06-28 09:00:00,5.0,0.0,44.0,23.0,20.0,6.0,118.0,8.0,136.0,46.0,137.0,20.0,40.0,108.0,28.0,13.0,97.0,70.0,0.0,129.0,79.0,47.0,7.0,0.0,28.0,0.0,0.0,55.0,81.0,148.0,185.0,80.0,44.0,33.0,67.0,0.0,0.0,43.0,152.0,135.0,137.0,97.0,28.0,150.0,177.0,0.0,0.0,9.0,43.0,12.0,119.0,128.0,74.0,9.0,70.0,146.0,239.0,235.0,137.0,195.0,0.0,4.0,99.0,87.0,35.0,88.0,128.0
2022-06-28 10:00:00,2.0,0.0,48.0,18.0,16.0,6.0,132.0,9.0,123.0,38.0,139.0,18.0,54.0,64.0,35.0,20.0,97.0,102.0,0.0,125.0,82.0,46.0,4.0,0.0,28.0,0.0,0.0,75.0,148.0,149.0,195.0,82.0,44.0,18.0,59.0,0.0,0.0,35.0,363.0,258.0,227.0,142.0,36.0,214.0,174.0,0.0,0.0,9.0,41.0,7.0,121.0,195.0,84.0,7.0,82.0,196.0,329.0,379.0,141.0,188.0,0.0,5.0,106.0,68.0,35.0,79.0,108.0
2022-06-28 11:00:00,4.0,0.0,34.0,21.0,16.0,7.0,87.0,3.0,128.0,39.0,100.0,16.0,42.0,71.0,20.0,8.0,71.0,78.0,0.0,116.0,66.0,26.0,8.0,0.0,22.0,0.0,0.0,61.0,128.0,145.0,145.0,78.0,18.0,16.0,60.0,0.0,0.0,29.0,140.0,149.0,111.0,81.0,27.0,157.0,185.0,0.0,0.0,7.0,18.0,12.0,124.0,108.0,62.0,4.0,69.0,100.0,284.0,255.0,133.0,153.0,0.0,5.0,57.0,69.0,19.0,111.0,118.0
2022-06-28 12:00:00,1.0,0.0,8.0,8.0,9.0,5.0,11.0,0.0,79.0,8.0,37.0,11.0,18.0,24.0,4.0,3.0,20.0,75.0,0.0,40.0,14.0,5.0,4.0,0.0,6.0,0.0,0.0,20.0,41.0,47.0,31.0,19.0,2.0,7.0,20.0,0.0,0.0,7.0,19.0,51.0,14.0,16.0,7.0,47.0,166.0,0.0,0.0,1.0,4.0,4.0,32.0,23.0,14.0,1.0,21.0,15.0,65.0,43.0,45.0,33.0,0.0,4.0,6.0,20.0,2.0,46.0,51.0
2022-06-28 13:00:00,10.0,0.0,28.0,14.0,15.0,5.0,73.0,9.0,191.0,43.0,152.0,14.0,25.0,250.0,37.0,13.0,127.0,61.0,0.0,168.0,106.0,111.0,4.0,0.0,43.0,0.0,0.0,76.0,55.0,162.0,211.0,52.0,72.0,77.0,37.0,0.0,0.0,62.0,143.0,135.0,131.0,127.0,20.0,165.0,153.0,0.0,0.0,14.0,63.0,9.0,131.0,140.0,88.0,13.0,70.0,184.0,152.0,208.0,91.0,161.0,0.0,3.0,78.0,204.0,24.0,41.0,132.0
2022-06-28 14:00:00,4.0,0.0,49.0,20.0,18.0,6.0,138.0,8.0,132.0,43.0,141.0,19.0,57.0,88.0,36.0,18.0,107.0,96.0,0.0,141.0,87.0,52.0,5.0,0.0,28.0,0.0,0.0,84.0,149.0,167.0,206.0,88.0,46.0,24.0,65.0,0.0,0.0,40.0,329.0,237.0,220.0,140.0,37.0,213.0,168.0,0.0,0.0,10.0,41.0,10.0,132.0,183.0,82.0,9.0,86.0,193.0,336.0,380.0,147.0,201.0,0.0,4.0,101.0,82.0,34.0,89.0,125.0
2022-06-28 15:00:00,4.0,0.0,8.0,5.0,5.0,1.0,24.0,6.0,147.0,22.0,95.0,4.0,9.0,181.0,20.0,9.0,70.0,49.0,0.0,101.0,57.0,83.0,3.0,0.0,27.0,0.0,0.0,47.0,27.0,76.0,106.0,15.0,43.0,67.0,8.0,0.0,0.0,40.0,123.0,99.0,92.0,90.0,10.0,95.0,85.0,0.0,0.0,8.0,38.0,4.0,71.0,134.0,56.0,8.0,34.0,112.0,52.0,108.0,30.0,66.0,0.0,2.0,35.0,143.0,11.0,6.0,65.0
2022-06-28 16:00:00,2.0,0.0,7.0,10.0,12.0,6.0,21.0,1.0,58.0,14.0,30.0,13.0,26.0,28.0,7.0,2.0,27.0,28.0,0.0,42.0,17.0,8.0,5.0,0.0,6.0,0.0,0.0,26.0,36.0,51.0,41.0,26.0,3.0,7.0,28.0,0.0,0.0,4.0,25.0,38.0,28.0,23.0,12.0,43.0,53.0,0.0,0.0,2.0,3.0,5.0,39.0,34.0,13.0,1.0,23.0,25.0,66.0,50.0,52.0,51.0,0.0,3.0,9.0,22.0,4.0,37.0,50.0
2022-06-28 17:00:00,3.0,0.0,52.0,17.0,15.0,6.0,110.0,9.0,139.0,38.0,147.0,18.0,49.0,77.0,41.0,23.0,103.0,112.0,0.0,133.0,88.0,52.0,5.0,0.0,31.0,0.0,0.0,78.0,143.0,151.0,194.0,75.0,49.0,22.0,54.0,0.0,0.0,37.0,386.0,295.0,233.0,154.0,34.0,229.0,192.0,0.0,0.0,9.0,43.0,7.0,132.0,222.0,97.0,8.0,91.0,211.0,296.0,359.0,131.0,175.0,0.0,4.0,112.0,79.0,35.0,72.0,106.0
2022-06-28 18:00:00,5.0,0.0,51.0,15.0,12.0,5.0,108.0,8.0,188.0,42.0,173.0,13.0,41.0,152.0,47.0,25.0,125.0,112.0,0.0,175.0,106.0,84.0,4.0,0.0,41.0,0.0,0.0,88.0,126.0,175.0,232.0,73.0,64.0,44.0,46.0,0.0,0.0,51.0,400.0,311.0,258.0,176.0,31.0,250.0,184.0,0.0,0.0,12.0,54.0,8.0,166.0,262.0,117.0,10.0,101.0,248.0,274.0,369.0,125.0,186.0,0.0,2.0,116.0,138.0,35.0,63.0,126.0
2022-06-28 19:00:00,4.0,0.0,56.0,22.0,19.0,7.0,158.0,9.0,144.0,47.0,158.0,20.0,62.0,93.0,40.0,21.0,116.0,107.0,0.0,153.0,97.0,57.0,5.0,0.0,32.0,0.0,0.0,89.0,164.0,181.0,230.0,98.0,52.0,26.0,72.0,0.0,0.0,46.0,376.0,267.0,248.0,155.0,42.0,234.0,187.0,0.0,0.0,11.0,48.0,10.0,144.0,209.0,94.0,9.0,94.0,217.0,382.0,428.0,165.0,227.0,0.0,4.0,118.0,89.0,40.0,100.0,136.0
2022-06-28 20:00:00,3.0,0.0,37.0,20.0,16.0,5.0,144.0,8.0,117.0,38.0,132.0,18.0,49.0,86.0,25.0,14.0,92.0,77.0,0.0,116.0,76.0,49.0,5.0,0.0,25.0,0.0,0.0,65.0,123.0,147.0,193.0,83.0,44.0,26.0,63.0,0.0,0.0,38.0,252.0,167.0,177.0,115.0,33.0,170.0,160.0,0.0,0.0,8.0,41.0,9.0,110.0,140.0,67.0,8.0,67.0,157.0,317.0,337.0,141.0,199.0,0.0,4.0,93.0,80.0,33.0,85.0,116.0
2022-06-28 21:00:00,4.0,0.0,35.0,17.0,16.0,5.0,119.0,7.0,107.0,34.0,122.0,18.0,33.0,104.0,23.0,12.0,86.0,55.0,0.0,99.0,73.0,57.0,4.0,0.0,23.0,0.0,0.0,43.0,61.0,119.0,175.0,63.0,52.0,36.0,55.0,0.0,0.0,43.0,156.0,108.0,123.0,88.0,24.0,121.0,147.0,0.0,0.0,9.0,47.0,7.0,87.0,114.0,60.0,9.0,50.0,140.0,203.0,215.0,109.0,171.0,0.0,3.0,94.0,88.0,33.0,57.0,99.0
2022-06-28 22:00:00,5.0,0.0,8.0,4.0,4.0,1.0,21.0,6.0,162.0,22.0,100.0,4.0,8.0,190.0,20.0,10.0,69.0,57.0,0.0,102.0,58.0,91.0,4.0,0.0,27.0,0.0,0.0,45.0,25.0,68.0,107.0,12.0,47.0,78.0,6.0,0.0,0.0,45.0,147.0,111.0,101.0,98.0,11.0,96.0,90.0,0.0,0.0,9.0,40.0,3.0,68.0,164.0,61.0,8.0,32.0,119.0,45.0,106.0,26.0,60.0,0.0,2.0,38.0,150.0,11.0,3.0,60.0
2022-06-28 23:00:00,0.0,0.0,0.0,2.0,3.0,2.0,4.0,0.0,27.0,3.0,14.0,4.0,7.0,10.0,1.0,1.0,8.0,20.0,0.0,11.0,3.0,2.0,2.0,0.0,2.0,0.0,0.0,8.0,10.0,13.0,8.0,4.0,1.0,4.0,6.0,0.0,0.0,1.0,5.0,11.0,6.0,7.0,3.0,11.0,42.0,0.0,0.0,1.0,1.0,1.0,9.0,10.0,3.0,0.0,6.0,4.0,13.0,11.0,12.0,10.0,0.0,1.0,1.0,8.0,1.0,10.0,16.0
2022-06-29 00:00:00,3.0,0.0,26.0,16.0,12.0,4.0,98.0,5.0,99.0,31.0,100.0,13.0,42.0,57.0,17.0,10.0,68.0,69.0,0.0,94.0,59.0,29.0,5.0,0.0,20.0,0.0,0.0,59.0,126.0,125.0,145.0,68.0,24.0,15.0,48.0,0.0,0.0,23.0,202.0,150.0,134.0,94.0,27.0,156.0,145.0,0.0,0.0,6.0,23.0,7.0,101.0,110.0,53.0,5.0,61.0,114.0,274.0,288.0,116.0,142.0,0.0,4.0,58.0,59.0,21.0,79.0,94.0
2022-06-29 01:00:00,3.0,0.0,36.0,20.0,17.0,6.0,150.0,7.0,110.0,38.0,128.0,18.0,62.0,73.0,26.0,15.0,94.0,84.0,0.0,123.0,79.0,46.0,4.0,0.0,25.0,0.0,0.0,80.0,164.0,160.0,203.0,92.0,39.0,20.0,64.0,0.0,0.0,34.0,319.0,202.0,205.0,132.0,38.0,203.0,148.0,0.0,0.0,8.0,38.0,8.0,117.0,150.0,69.0,7.0,74.0,174.0,378.0,413.0,155.0,202.0,0.0,5.0,86.0,74.0,30.0,90.0,118.0
2022-06-29 02:00:00,5.0,0.0,39.0,17.0,17.0,5.0,128.0,9.0,142.0,40.0,149.0,18.0,36.0,135.0,29.0,15.0,102.0,76.0,0.0,120.0,89.0,75.0,5.0,0.0,27.0,0.0,0.0,54.0,72.0,138.0,209.0,68.0,65.0,46.0,58.0,0.0,0.0,53.0,199.0,144.0,154.0,112.0,28.0,149.0,189.0,0.0,0.0,11.0,55.0,8.0,103.0,156.0,68.0,11.0,59.0,169.0,216.0,247.0,116.0,185.0,0.0,3.0,104.0,115.0,36.0,60.0,113.0
2022-06-29 03:00:00,5.0,0.0,35.0,23.0,19.0,6.0,83.0,5.0,145.0,42.0,112.0,20.0,42.0,86.0,24.0,9.0,79.0,70.0,0.0,120.0,61.0,30.0,8.0,0.0,24.0,0.0,0.0,52.0,81.0,133.0,151.0,74.0,24.0,24.0,63.0,0.0,0.0,28.0,118.0,130.0,118.0,83.0,27.0,138.0,159.0,0.0,0.0,7.0,25.0,13.0,115.0,129.0,60.0,7.0,67.0,106.0,203.0,187.0,131.0,162.0,0.0,4.0,65.0,70.0,25.0,93.0,121.0
2022-06-29 04:00:00,4.0,0.0,46.0,22.0,19.0,7.0,161.0,9.0,131.0,43.0,147.0,21.0,58.0,103.0,32.0,17.0,108.0,89.0,0.0,134.0,88.0,58.0,5.0,0.0,28.0,0.0,0.0,76.0,133.0,166.0,216.0,92.0,52.0,31.0,71.0,0.0,0.0,45.0,287.0,193.0,203.0,131.0,37.0,189.0,176.0,0.0,0.0,10.0,49.0,10.0,118.0,160.0,76.0,9.0,74.0,183.0,342.0,368.0,156.0,223.0,0.0,5.0,108.0,91.0,38.0,90.0,131.0
2022-06-29 05:00:00,1.0,0.0,3.0,5.0,6.0,4.0,9.0,1.0,41.0,7.0,21.0,8.0,14.0,19.0,3.0,2.0,15.0,24.0,0.0,21.0,8.0,5.0,3.0,0.0,3.0,0.0,0.0,15.0,18.0,25.0,17.0,11.0,2.0,7.0,13.0,0.0,0.0,3.0,12.0,19.0,14.0,13.0,6.0,21.0,49.0,0.0,0.0,1.0,2.0,3.0,18.0,20.0,7.0,1.0,11.0,11.0,29.0,23.0,24.0,23.0,0.0,2.0,5.0,14.0,2.0,18.0,27.0
2022-06-29 06:00:00,12.0,0.0,20.0,11.0,11.0,4.0,41.0,11.0,216.0,42.0,145.0,10.0,17.0,288.0,37.0,12.0,122.0,58.0,0.0,172.0,103.0,125.0,5.0,0.0,45.0,0.0,0.0,77.0,39.0,143.0,190.0,38.0,71.0,92.0,22.0,0.0,0.0,67.0,125.0,119.0,117.0,130.0,16.0,146.0,126.0,0.0,0.0,15.0,63.0,9.0,120.0,155.0,91.0,12.0,60.0,172.0,103.0,167.0,65.0,132.0,0.0,4.0,58.0,231.0,19.0,25.0,122.0
2022-06-29 07:00:00,0.0,0.0,1.0,3.0,3.0,3.0,5.0,1.0,35.0,4.0,18.0,5.0,8.0,15.0,1.0,1.0,10.0,25.0,0.0,15.0,5.0,4.0,2.0,0.0,3.0,0.0,0.0,10.0,12.0,16.0,10.0,6.0,2.0,5.0,7.0,0.0,0.0,2.0,7.0,14.0,9.0,9.0,3.0,15.0,50.0,0.0,0.0,1.0,2.0,2.0,12.0,14.0,5.0,1.0,7.0,6.0,17.0,14.0,15.0,13.0,0.0,2.0,2.0,11.0,1.0,13.0,20.0
2022-06-29 08:00:00,4.0,0.0,33.0,18.0,14.0,6.0,81.0,3.0,123.0,37.0,99.0,13.0,40.0,66.0,20.0,9.0,69.0,85.0,0.0,110.0,68.0,24.0,7.0,0.0,23.0,0.0,0.0,63.0,142.0,146.0,141.0,76.0,17.0,14.0,52.0,0.0,0.0,28.0,147.0,157.0,106.0,84.0,26.0,169.0,206.0,0.0,0.0,6.0,17.0,10.0,125.0,99.0,61.0,3.0,72.0,98.0,295.0,274.0,128.0,138.0,0.0,4.0,51.0,68.0,16.0,114.0,113.0
2022-06-29 09:00:00,6.0,0.0,56.0,23.0,21.0,7.0,156.0,10.0,163.0,51.0,169.0,22.0,58.0,129.0,42.0,20.0,125.0,104.0,0.0,163.0,103.0,69.0,5.0,0.0,34.0,0.0,0.0,87.0,141.0,190.0,239.0,98.0,60.0,38.0,74.0,0.0,0.0,53.0,322.0,238.0,228.0,152.0,39.0,222.0,203.0,0.0,0.0,12.0,54.0,12.0,147.0,198.0,94.0,11.0,92.0,213.0,347.0,383.0,164.0,231.0,0.0,4.0,122.0,111.0,41.0,98.0,147.0
2022-06-29 10:00:00,8.0,0.0,0.0,2.0,2.0,1.0,0.0,2.0,69.0,12.0,45.0,2.0,3.0,146.0,7.0,3.0,36.0,18.0,0.0,40.0,17.0,50.0,1.0,0.0,15.0,0.0,0.0,22.0,4.0,22.0,6.0,2.0,26.0,90.0,0.0,0.0,0.0,27.0,9.0,17.0,20.0,39.0,3.0,27.0,30.0,0.0,0.0,4.0,19.0,3.0,18.0,40.0,24.0,6.0,11.0,29.0,2.0,0.0,5.0,9.0,0.0,1.0,19.0,78.0,3.0,0.0,23.0
2022-06-29 11:00:00,2.0,0.0,10.0,11.0,12.0,5.0,29.0,1.0,66.0,16.0,37.0,14.0,28.0,33.0,8.0,3.0,30.0,30.0,0.0,47.0,20.0,10.0,5.0,0.0,8.0,0.0,0.0,26.0,38.0,58.0,53.0,32.0,4.0,9.0,31.0,0.0,0.0,5.0,37.0,46.0,38.0,28.0,14.0,50.0,57.0,0.0,0.0,2.0,4.0,6.0,44.0,48.0,16.0,2.0,27.0,30.0,79.0,62.0,63.0,63.0,0.0,3.0,13.0,25.0,6.0,43.0,56.0
2022-06-29 12:00:00,4.0,0.0,22.0,14.0,16.0,8.0,39.0,1.0,102.0,23.0,59.0,16.0,34.0,46.0,13.0,5.0,43.0,83.0,0.0,79.0,42.0,13.0,8.0,0.0,16.0,0.0,0.0,43.0,96.0,101.0,80.0,51.0,6.0,8.0,41.0,0.0,0.0,19.0,57.0,98.0,41.0,40.0,19.0,102.0,200.0,0.0,0.0,3.0,7.0,8.0,78.0,44.0,39.0,0.0,47.0,52.0,190.0,148.0,94.0,87.0,0.0,5.0,24.0,45.0,6.0,92.0,91.0
2022-06-29 13:00:00,3.0,0.0,29.0,17.0,13.0,5.0,102.0,5.0,105.0,34.0,106.0,13.0,46.0,59.0,19.0,10.0,73.0,75.0,0.0,108.0,68.0,29.0,6.0,0.0,23.0,0.0,0.0,67.0,147.0,142.0,159.0,76.0,24.0,14.0,52.0,0.0,0.0,26.0,217.0,171.0,142.0,101.0,28.0,180.0,159.0,0.0,0.0,6.0,23.0,7.0,120.0,112.0,61.0,5.0,69.0,125.0,309.0,326.0,129.0,152.0,0.0,5.0,59.0,63.0,20.0,93.0,105.0
2022-06-29 14:00:00,6.0,0.0,43.0,19.0,18.0,5.0,151.0,10.0,140.0,43.0,162.0,21.0,40.0,158.0,33.0,17.0,119.0,69.0,0.0,135.0,97.0,86.0,4.0,0.0,32.0,0.0,0.0,62.0,71.0,157.0,231.0,74.0,75.0,53.0,62.0,0.0,0.0,59.0,220.0,142.0,169.0,123.0,29.0,161.0,172.0,0.0,0.0,12.0,66.0,8.0,113.0,148.0,79.0,13.0,65.0,196.0,241.0,284.0,128.0,215.0,0.0,3.0,120.0,130.0,42.0,59.0,127.0
2022-06-29 15:00:00,6.0,0.0,32.0,12.0,11.0,4.0,75.0,6.0,159.0,34.0,139.0,11.0,29.0,162.0,36.0,16.0,106.0,75.0,0.0,147.0,87.0,80.0,4.0,0.0,34.0,0.0,0.0,74.0,82.0,146.0,189.0,51.0,56.0,47.0,34.0,0.0,0.0,45.0,250.0,204.0,174.0,133.0,21.0,185.0,139.0,0.0,0.0,11.0,46.0,6.0,134.0,176.0,86.0,9.0,76.0,187.0,175.0,255.0,88.0,142.0,0.0,2.0,78.0,140.0,24.0,39.0,108.0
2022-06-29 16:00:00,8.0,0.0,0.0,2.0,3.0,1.0,1.0,2.0,65.0,11.0,44.0,2.0,4.0,135.0,6.0,3.0,32.0,18.0,0.0,35.0,15.0,48.0,2.0,0.0,13.0,0.0,0.0,19.0,3.0,18.0,6.0,2.0,26.0,88.0,1.0,0.0,0.0,27.0,13.0,14.0,21.0,37.0,3.0,24.0,27.0,0.0,0.0,4.0,17.0,3.0,15.0,45.0,22.0,6.0,9.0,28.0,1.0,0.0,5.0,7.0,0.0,1.0,20.0,70.0,3.0,0.0,19.0
2022-06-29 17:00:00,5.0,0.0,25.0,9.0,7.0,3.0,63.0,7.0,176.0,27.0,136.0,7.0,21.0,170.0,33.0,17.0,95.0,80.0,0.0,140.0,88.0,95.0,3.0,0.0,33.0,0.0,0.0,64.0,69.0,120.0,193.0,38.0,61.0,55.0,22.0,0.0,0.0,51.0,285.0,215.0,181.0,137.0,19.0,176.0,132.0,0.0,0.0,11.0,49.0,3.0,124.0,224.0,91.0,7.0,64.0,197.0,148.0,247.0,69.0,123.0,0.0,2.0,73.0,154.0,21.0,24.0,89.0
2022-06-29 18:00:00,5.0,0.0,38.0,23.0,21.0,7.0,94.0,6.0,138.0,43.0,120.0,21.0,42.0,95.0,25.0,10.0,88.0,70.0,0.0,125.0,70.0,37.0,8.0,0.0,25.0,0.0,0.0,57.0,86.0,144.0,162.0,75.0,32.0,27.0,65.0,0.0,0.0,34.0,124.0,131.0,118.0,86.0,27.0,145.0,170.0,0.0,0.0,8.0,31.0,12.0,120.0,117.0,65.0,8.0,70.0,123.0,218.0,208.0,131.0,171.0,0.0,4.0,77.0,79.0,27.0,92.0,126.0
2022-06-29 19:00:00,4.0,0.0,27.0,17.0,18.0,8.0,49.0,1.0,115.0,28.0,69.0,17.0,38.0,52.0,15.0,6.0,51.0,93.0,0.0,94.0,52.0,15.0,8.0,0.0,19.0,0.0,0.0,51.0,117.0,122.0,99.0,62.0,8.0,9.0,47.0,0.0,0.0,23.0,70.0,117.0,50.0,47.0,22.0,125.0,229.0,0.0,0.0,4.0,8.0,10.0,97.0,51.0,47.0,0.0,56.0,63.0,235.0,186.0,113.0,105.0,0.0,5.0,29.0,53.0,7.0,111.0,107.0
2022-06-29 20:00:00,5.0,0.0,27.0,17.0,18.0,9.0,50.0,1.0,117.0,29.0,71.0,18.0,39.0,56.0,16.0,6.0,54.0,88.0,0.0,97.0,52.0,16.0,9.0,0.0,18.0,0.0,0.0,54.0,113.0,123.0,99.0,61.0,8.0,10.0,48.0,0.0,0.0,23.0,74.0,117.0,56.0,51.0,22.0,124.0,212.0,0.0,0.0,4.0,9.0,10.0,99.0,59.0,48.0,1.0,57.0,66.0,226.0,183.0,110.0,107.0,0.0,5.0,30.0,55.0,8.0,107.0,107.0
2022-06-29 21:00:00,4.0,0.0,9.0,7.0,6.0,2.0,24.0,5.0,134.0,20.0,85.0,8.0,13.0,122.0,15.0,6.0,57.0,61.0,0.0,73.0,46.0,58.0,4.0,0.0,20.0,0.0,0.0,36.0,25.0,65.0,93.0,20.0,34.0,41.0,15.0,0.0,0.0,26.0,76.0,78.0,73.0,67.0,11.0,74.0,137.0,0.0,0.0,7.0,28.0,4.0,52.0,111.0,36.0,5.0,28.0,79.0,52.0,74.0,38.0,64.0,0.0,2.0,31.0,104.0,10.0,17.0,61.0
2022-06-29 22:00:00,2.0,0.0,26.0,16.0,12.0,4.0,104.0,5.0,95.0,31.0,101.0,14.0,44.0,58.0,18.0,11.0,70.0,67.0,0.0,92.0,59.0,33.0,4.0,0.0,20.0,0.0,0.0,60.0,124.0,123.0,148.0,68.0,27.0,16.0,48.0,0.0,0.0,23.0,216.0,149.0,143.0,97.0,28.0,153.0,134.0,0.0,0.0,6.0,26.0,6.0,95.0,113.0,51.0,5.0,59.0,120.0,275.0,294.0,115.0,147.0,0.0,4.0,61.0,59.0,22.0,73.0,92.0
2022-06-29 23:00:00,3.0,0.0,38.0,20.0,16.0,6.0,153.0,8.0,114.0,39.0,134.0,17.0,60.0,73.0,26.0,16.0,96.0,86.0,0.0,126.0,81.0,47.0,4.0,0.0,27.0,0.0,0.0,80.0,167.0,162.0,210.0,93.0,40.0,20.0,64.0,0.0,0.0,35.0,330.0,211.0,213.0,137.0,38.0,210.0,153.0,0.0,0.0,8.0,39.0,8.0,123.0,159.0,73.0,7.0,77.0,180.0,385.0,424.0,157.0,207.0,0.0,5.0,90.0,75.0,32.0,92.0,120.0
2022-06-30 00:00:00,3.0,0.0,23.0,18.0,17.0,6.0,54.0,3.0,111.0,30.0,75.0,18.0,37.0,60.0,17.0,6.0,55.0,52.0,0.0,85.0,40.0,19.0,6.0,0.0,17.0,0.0,0.0,39.0,60.0,97.0,103.0,55.0,13.0,17.0,49.0,0.0,0.0,15.0,76.0,91.0,79.0,56.0,21.0,96.0,110.0,0.0,0.0,4.0,14.0,10.0,81.0,93.0,38.0,4.0,49.0,67.0,140.0,121.0,102.0,115.0,0.0,4.0,37.0,47.0,15.0,71.0,92.0
2022-06-30 01:00:00,3.0,0.0,29.0,16.0,13.0,5.0,118.0,7.0,97.0,33.0,112.0,15.0,50.0,59.0,21.0,13.0,79.0,73.0,0.0,105.0,68.0,36.0,5.0,0.0,23.0,0.0,0.0,69.0,144.0,137.0,171.0,76.0,31.0,16.0,52.0,0.0,0.0,27.0,271.0,182.0,172.0,115.0,31.0,182.0,136.0,0.0,0.0,7.0,30.0,6.0,108.0,130.0,62.0,5.0,67.0,148.0,315.0,352.0,128.0,165.0,0.0,5.0,71.0,63.0,25.0,77.0,99.0
2022-06-30 02:00:00,4.0,0.0,37.0,19.0,12.0,5.0,106.0,5.0,127.0,40.0,119.0,12.0,41.0,68.0,22.0,12.0,77.0,86.0,0.0,118.0,73.0,31.0,6.0,0.0,26.0,0.0,0.0,65.0,146.0,151.0,168.0,82.0,26.0,17.0,55.0,0.0,0.0,32.0,214.0,183.0,149.0,105.0,29.0,187.0,194.0,0.0,0.0,7.0,25.0,9.0,132.0,134.0,71.0,5.0,76.0,126.0,323.0,325.0,137.0,163.0,0.0,4.0,70.0,70.0,24.0,109.0,115.0
2022-06-30 03:00:00,3.0,0.0,26.0,9.0,8.0,3.0,62.0,5.0,113.0,22.0,110.0,11.0,26.0,91.0,26.0,14.0,76.0,72.0,0.0,100.0,63.0,53.0,3.0,0.0,25.0,0.0,0.0,53.0,71.0,105.0,146.0,40.0,42.0,26.0,27.0,0.0,0.0,29.0,234.0,187.0,150.0,106.0,18.0,150.0,136.0,0.0,0.0,7.0,34.0,4.0,97.0,149.0,64.0,6.0,59.0,149.0,143.0,210.0,72.0,111.0,0.0,2.0,67.0,84.0,20.0,27.0,75.0
2022-06-30 04:00:00,7.0,0.0,20.0,8.0,6.0,2.0,53.0,9.0,220.0,34.0,151.0,5.0,15.0,251.0,34.0,16.0,110.0,74.0,0.0,164.0,101.0,128.0,5.0,0.0,41.0,0.0,0.0,70.0,52.0,130.0,209.0,33.0,72.0,84.0,16.0,0.0,0.0,67.0,243.0,184.0,168.0,148.0,17.0,169.0,129.0,0.0,0.0,14.0,61.0,5.0,129.0,236.0,99.0,10.0,61.0,203.0,120.0,223.0,60.0,127.0,0.0,2.0,65.0,216.0,20.0,17.0,103.0
2022-06-30 05:00:00,4.0,0.0,14.0,10.0,8.0,2.0,44.0,6.0,156.0,25.0,111.0,10.0,18.0,143.0,19.0,8.0,73.0,72.0,0.0,97.0,64.0,72.0,4.0,0.0,24.0,0.0,0.0,45.0,43.0,94.0,139.0,32.0,45.0,47.0,24.0,0.0,0.0,36.0,118.0,114.0,102.0,88.0,15.0,109.0,167.0,0.0,0.0,9.0,37.0,5.0,79.0,139.0,49.0,7.0,40.0,111.0,93.0,129.0,59.0,97.0,0.0,2.0,46.0,125.0,15.0,29.0,81.0
2022-06-30 06:00:00,0.0,0.0,0.0,1.0,1.0,1.0,1.0,0.0,18.0,3.0,9.0,2.0,3.0,18.0,1.0,1.0,7.0,6.0,0.0,8.0,4.0,7.0,1.0,0.0,2.0,0.0,0.0,6.0,3.0,7.0,3.0,1.0,3.0,7.0,1.0,0.0,0.0,2.0,3.0,5.0,5.0,7.0,2.0,6.0,12.0,0.0,0.0,1.0,2.0,1.0,5.0,11.0,4.0,0.0,3.0,6.0,2.0,2.0,3.0,3.0,0.0,0.0,3.0,14.0,1.0,0.0,7.0
2022-06-30 07:00:00,3.0,0.0,31.0,18.0,15.0,5.0,135.0,6.0,104.0,35.0,116.0,16.0,53.0,68.0,21.0,13.0,82.0,76.0,0.0,107.0,70.0,41.0,4.0,0.0,23.0,0.0,0.0,68.0,145.0,143.0,180.0,84.0,34.0,19.0,58.0,0.0,0.0,30.0,266.0,170.0,175.0,114.0,34.0,176.0,144.0,0.0,0.0,7.0,33.0,7.0,105.0,133.0,60.0,6.0,65.0,146.0,341.0,360.0,141.0,182.0,0.0,5.0,77.0,69.0,28.0,86.0,107.0
2022-06-30 08:00:00,2.0,0.0,3.0,4.0,4.0,2.0,8.0,3.0,94.0,12.0,53.0,6.0,8.0,87.0,9.0,4.0,36.0,42.0,0.0,46.0,26.0,38.0,3.0,0.0,14.0,0.0,0.0,24.0,12.0,38.0,45.0,9.0,20.0,28.0,5.0,0.0,0.0,15.0,41.0,46.0,41.0,43.0,7.0,42.0,86.0,0.0,0.0,4.0,17.0,2.0,30.0,70.0,23.0,3.0,16.0,44.0,20.0,33.0,18.0,32.0,0.0,1.0,16.0,72.0,6.0,7.0,38.0
2022-06-30 09:00:00,2.0,0.0,37.0,17.0,15.0,5.0,135.0,7.0,109.0,35.0,124.0,16.0,56.0,66.0,27.0,15.0,91.0,86.0,0.0,117.0,76.0,44.0,4.0,0.0,24.0,0.0,0.0,75.0,149.0,147.0,189.0,82.0,38.0,18.0,58.0,0.0,0.0,31.0,319.0,212.0,205.0,130.0,34.0,197.0,146.0,0.0,0.0,8.0,37.0,7.0,112.0,158.0,69.0,7.0,72.0,174.0,336.0,380.0,140.0,183.0,0.0,5.0,87.0,68.0,30.0,78.0,108.0
2022-06-30 10:00:00,26.0,0.0,4.0,5.0,6.0,3.0,0.0,10.0,179.0,35.0,127.0,4.0,4.0,402.0,22.0,10.0,101.0,44.0,0.0,129.0,57.0,142.0,4.0,0.0,43.0,0.0,0.0,63.0,8.0,68.0,44.0,8.0,78.0,241.0,2.0,0.0,0.0,83.0,35.0,51.0,57.0,104.0,7.0,82.0,72.0,0.0,0.0,10.0,57.0,7.0,60.0,95.0,75.0,19.0,34.0,101.0,8.0,26.0,15.0,39.0,0.0,2.0,54.0,216.0,11.0,5.0,73.0
2022-06-30 11:00:00,1.0,0.0,3.0,5.0,6.0,3.0,10.0,1.0,42.0,8.0,22.0,8.0,14.0,20.0,4.0,2.0,16.0,25.0,0.0,23.0,8.0,5.0,3.0,0.0,4.0,0.0,0.0,15.0,19.0,27.0,18.0,12.0,2.0,7.0,14.0,0.0,0.0,3.0,13.0,20.0,15.0,14.0,6.0,22.0,49.0,0.0,0.0,1.0,2.0,3.0,19.0,21.0,8.0,1.0,12.0,12.0,32.0,25.0,25.0,25.0,0.0,2.0,6.0,15.0,2.0,19.0,28.0
2022-06-30 12:00:00,1.0,0.0,0.0,1.0,2.0,1.0,1.0,1.0,39.0,5.0,21.0,3.0,4.0,47.0,3.0,2.0,16.0,13.0,0.0,17.0,9.0,19.0,2.0,0.0,6.0,0.0,0.0,11.0,4.0,12.0,7.0,1.0,8.0,22.0,1.0,0.0,0.0,7.0,11.0,14.0,13.0,18.0,3.0,13.0,24.0,0.0,0.0,2.0,7.0,1.0,10.0,29.0,10.0,1.0,5.0,16.0,3.0,4.0,5.0,6.0,0.0,1.0,8.0,34.0,2.0,0.0,13.0
2022-06-30 13:00:00,3.0,0.0,43.0,13.0,10.0,4.0,90.0,7.0,157.0,33.0,151.0,13.0,36.0,113.0,40.0,22.0,102.0,104.0,0.0,139.0,88.0,69.0,3.0,0.0,35.0,0.0,0.0,72.0,110.0,142.0,196.0,60.0,55.0,33.0,39.0,0.0,0.0,40.0,366.0,285.0,228.0,155.0,27.0,217.0,178.0,0.0,0.0,10.0,46.0,6.0,135.0,234.0,99.0,7.0,85.0,212.0,230.0,313.0,106.0,155.0,0.0,2.0,103.0,107.0,31.0,48.0,99.0
2022-06-30 14:00:00,19.0,0.0,0.0,2.0,3.0,1.0,0.0,5.0,110.0,21.0,81.0,1.0,1.0,292.0,12.0,6.0,64.0,27.0,0.0,74.0,33.0,103.0,2.0,0.0,27.0,0.0,0.0,37.0,2.0,35.0,12.0,2.0,56.0,191.0,0.0,0.0,0.0,60.0,12.0,23.0,31.0,67.0,3.0,45.0,45.0,0.0,0.0,6.0,37.0,5.0,28.0,62.0,46.0,13.0,16.0,59.0,0.0,0.0,4.0,12.0,0.0,0.0,39.0,146.0,5.0,0.0,38.0
2022-06-30 15:00:00,13.0,0.0,19.0,11.0,10.0,4.0,42.0,11.0,228.0,41.0,148.0,10.0,16.0,295.0,36.0,12.0,121.0,60.0,0.0,174.0,106.0,132.0,5.0,0.0,45.0,0.0,0.0,76.0,40.0,142.0,203.0,38.0,74.0,97.0,21.0,0.0,0.0,71.0,137.0,124.0,124.0,135.0,17.0,148.0,129.0,0.0,0.0,15.0,64.0,8.0,123.0,177.0,93.0,12.0,59.0,177.0,107.0,175.0,64.0,134.0,0.0,4.0,56.0,240.0,19.0,26.0,121.0
2022-06-30 16:00:00,3.0,0.0,33.0,18.0,14.0,5.0,130.0,7.0,105.0,35.0,121.0,15.0,52.0,64.0,23.0,14.0,84.0,78.0,0.0,114.0,72.0,40.0,5.0,0.0,25.0,0.0,0.0,72.0,151.0,146.0,184.0,81.0,34.0,17.0,56.0,0.0,0.0,31.0,294.0,194.0,187.0,123.0,33.0,192.0,144.0,0.0,0.0,7.0,33.0,7.0,116.0,143.0,68.0,6.0,72.0,160.0,338.0,378.0,137.0,180.0,0.0,5.0,79.0,67.0,28.0,84.0,107.0
2022-06-30 17:00:00,5.0,0.0,28.0,14.0,14.0,4.0,80.0,6.0,135.0,32.0,127.0,17.0,29.0,116.0,24.0,11.0,85.0,78.0,0.0,101.0,72.0,61.0,5.0,0.0,24.0,0.0,0.0,48.0,60.0,118.0,165.0,50.0,51.0,38.0,43.0,0.0,0.0,38.0,149.0,134.0,118.0,94.0,21.0,130.0,198.0,0.0,0.0,9.0,42.0,7.0,90.0,128.0,54.0,9.0,53.0,132.0,145.0,174.0,89.0,135.0,0.0,3.0,76.0,99.0,26.0,44.0,95.0
2022-06-30 18:00:00,4.0,0.0,14.0,10.0,9.0,3.0,43.0,6.0,151.0,25.0,107.0,11.0,17.0,137.0,18.0,8.0,70.0,71.0,0.0,89.0,60.0,69.0,4.0,0.0,23.0,0.0,0.0,42.0,39.0,88.0,132.0,31.0,44.0,46.0,23.0,0.0,0.0,34.0,103.0,103.0,93.0,83.0,14.0,100.0,172.0,0.0,0.0,9.0,35.0,5.0,71.0,131.0,45.0,7.0,37.0,103.0,86.0,115.0,57.0,93.0,0.0,3.0,46.0,119.0,15.0,27.0,76.0
2022-06-30 19:00:00,5.0,0.0,34.0,18.0,14.0,6.0,82.0,3.0,125.0,38.0,100.0,14.0,41.0,66.0,20.0,8.0,69.0,88.0,0.0,112.0,70.0,24.0,7.0,0.0,24.0,0.0,0.0,63.0,148.0,150.0,145.0,80.0,17.0,14.0,54.0,0.0,0.0,28.0,147.0,160.0,105.0,84.0,27.0,174.0,218.0,0.0,0.0,6.0,17.0,10.0,128.0,97.0,63.0,3.0,74.0,98.0,309.0,282.0,134.0,142.0,0.0,5.0,51.0,69.0,17.0,118.0,116.0
2022-06-30 20:00:00,4.0,0.0,15.0,6.0,5.0,2.0,45.0,6.0,160.0,21.0,111.0,5.0,14.0,161.0,24.0,13.0,76.0,65.0,0.0,114.0,72.0,89.0,3.0,0.0,27.0,0.0,0.0,50.0,45.0,90.0,157.0,25.0,52.0,55.0,14.0,0.0,0.0,46.0,212.0,156.0,137.0,111.0,14.0,129.0,107.0,0.0,0.0,10.0,42.0,3.0,93.0,192.0,71.0,6.0,44.0,155.0,96.0,177.0,47.0,92.0,0.0,2.0,52.0,145.0,15.0,13.0,70.0
2022-06-30 21:00:00,9.0,0.0,35.0,16.0,16.0,5.0,79.0,7.0,200.0,44.0,159.0,16.0,33.0,223.0,41.0,16.0,129.0,81.0,0.0,173.0,105.0,102.0,5.0,0.0,40.0,0.0,0.0,85.0,79.0,174.0,216.0,59.0,69.0,68.0,43.0,0.0,0.0,57.0,206.0,183.0,164.0,142.0,23.0,192.0,176.0,0.0,0.0,14.0,57.0,10.0,147.0,176.0,93.0,12.0,83.0,196.0,182.0,244.0,102.0,166.0,0.0,3.0,85.0,186.0,26.0,51.0,136.0
2022-06-30 22:00:00,10.0,0.0,28.0,15.0,15.0,5.0,82.0,10.0,206.0,44.0,162.0,14.0,26.0,263.0,38.0,14.0,132.0,65.0,0.0,176.0,113.0,121.0,4.0,0.0,44.0,0.0,0.0,78.0,60.0,168.0,231.0,55.0,78.0,83.0,39.0,0.0,0.0,67.0,164.0,145.0,144.0,136.0,22.0,174.0,160.0,0.0,0.0,15.0,67.0,9.0,138.0,161.0,93.0,13.0,71.0,196.0,170.0,230.0,98.0,173.0,0.0,3.0,83.0,218.0,25.0,44.0,137.0
2022-06-30 23:00:00,29.0,0.0,1.0,4.0,5.0,2.0,0.0,11.0,182.0,35.0,134.0,2.0,2.0,443.0,22.0,11.0,104.0,42.0,0.0,135.0,58.0,157.0,4.0,0.0,46.0,0.0,0.0,63.0,7.0,64.0,42.0,5.0,87.0,275.0,0.0,0.0,0.0,94.0,40.0,52.0,59.0,109.0,7.0,84.0,66.0,0.0,0.0,10.0,62.0,7.0,59.0,96.0,79.0,20.0,32.0,106.0,6.0,29.0,12.0,37.0,0.0,2.0,57.0,233.0,10.0,1.0,70.0
